"","anger","anticipation","disgust","fear","joy","sadness","surprise","trust","negative","positive","score"
"1",1,7,1,3,9,3,3,11,6,24,18
"2",0,0,1,0,0,0,0,0,1,0,-1
"3",3,14,1,2,9,3,1,13,6,22,16
"4",2,10,2,1,9,4,3,12,4,14,10
"5",1,0,0,0,1,1,1,3,2,6,4
"6",0,1,0,0,2,0,1,2,2,2,0
"7",0,0,0,0,1,0,0,2,0,2,2
"8",0,0,0,0,0,0,0,1,0,1,1
"9",0,2,0,0,3,0,0,5,0,3,3
"10",1,3,1,0,2,2,0,4,2,11,9
"11",1,2,1,0,1,0,1,1,2,3,1
"12",0,2,0,0,3,0,2,4,0,4,4
"13",1,14,1,4,15,5,2,13,4,27,23
"14",1,3,0,0,3,0,1,4,2,5,3
"15",0,6,0,1,8,1,3,7,1,15,14
"16",2,2,3,1,1,1,0,2,4,7,3
"17",1,4,0,2,3,2,2,4,2,6,4
"18",1,3,1,2,3,2,2,4,6,6,0
"19",3,14,1,3,14,8,8,15,8,26,18
"20",1,5,0,1,7,0,1,6,1,20,19
"21",0,1,0,0,1,0,1,2,0,2,2
"22",1,2,2,1,4,2,2,2,2,8,6
"23",0,6,0,2,3,0,2,2,2,6,4
"24",0,7,1,0,5,0,2,5,3,9,6
"25",0,0,0,0,0,0,0,0,0,1,1
"26",2,10,2,1,7,3,2,13,7,18,11
"27",0,0,0,0,0,0,0,0,0,2,2
"28",1,1,0,1,1,2,0,0,3,2,-1
"29",1,4,0,0,6,1,2,7,1,20,19
"30",0,0,0,0,1,0,0,3,1,7,6
"31",0,2,0,0,3,2,0,2,2,4,2
"32",0,4,0,0,5,0,1,5,0,7,7
"33",1,3,0,0,3,0,1,3,3,5,2
"34",0,2,0,0,6,0,2,5,1,10,9
"35",0,3,0,1,1,1,0,3,2,9,7
"36",1,0,1,0,1,0,0,1,1,3,2
"37",0,0,0,0,1,0,0,2,0,4,4
"38",2,2,1,3,7,1,0,4,2,16,14
"39",0,2,0,1,3,0,1,5,0,8,8
"40",3,2,3,0,2,1,1,4,3,4,1
"41",0,1,0,2,3,0,0,5,3,8,5
"42",0,2,1,1,3,1,2,5,1,6,5
"43",0,1,0,0,3,0,0,2,0,6,6
"44",0,2,0,0,2,0,1,4,1,8,7
"45",0,4,0,1,1,0,3,5,3,9,6
"46",1,2,0,1,3,1,0,2,3,5,2
"47",1,4,1,0,5,2,1,3,2,8,6
"48",0,1,0,0,1,0,0,2,0,4,4
"49",0,2,0,0,3,0,1,3,0,6,6
"50",0,0,1,0,2,0,0,3,1,3,2
"51",0,1,1,0,2,0,0,3,2,5,3
"52",1,0,2,1,0,1,0,0,2,0,-2
"53",2,4,2,0,3,2,1,4,2,5,3
"54",0,1,1,0,1,1,1,0,2,1,-1
"55",0,1,0,0,2,0,0,0,0,4,4
"56",0,1,0,0,2,0,0,2,1,2,1
"57",0,1,0,0,1,0,0,1,0,4,4
"58",0,3,0,0,1,0,0,1,0,3,3
"59",1,2,0,1,3,0,1,3,0,9,9
"60",0,0,1,1,0,0,0,1,1,1,0
"61",1,4,0,1,5,1,1,7,3,10,7
"62",1,2,1,2,2,1,3,3,1,3,2
"63",0,1,0,0,1,1,1,1,1,1,0
"64",2,2,1,2,1,1,0,2,3,5,2
"65",0,2,0,0,1,0,0,5,2,5,3
"66",0,1,0,0,3,0,1,3,0,6,6
"67",0,1,0,0,3,0,1,4,1,7,6
"68",0,0,0,0,0,0,0,1,2,4,2
"69",0,0,0,0,0,0,0,0,0,1,1
"70",0,0,0,0,0,0,0,0,1,2,1
"71",0,2,0,0,1,0,1,1,0,1,1
"72",1,3,0,0,2,0,0,3,1,5,4
"73",2,9,2,2,7,2,3,6,5,12,7
"74",0,6,0,0,2,0,2,5,0,7,7
"75",0,0,0,1,2,0,0,2,0,3,3
"76",0,3,0,0,3,0,1,3,1,6,5
"77",1,5,2,0,1,2,2,5,2,7,5
"78",1,5,0,1,4,2,2,2,2,6,4
"79",0,2,0,0,2,0,1,3,0,5,5
"80",0,2,0,0,0,0,0,2,0,4,4
"81",0,1,0,0,2,0,1,3,0,4,4
"82",0,4,0,0,2,1,0,4,1,5,4
"83",0,1,0,0,2,0,1,3,0,2,2
"84",2,2,1,2,2,2,1,1,2,5,3
"85",0,3,0,0,4,0,2,3,0,7,7
"86",1,4,0,3,1,0,0,5,2,7,5
"87",0,4,0,0,1,0,1,2,0,4,4
"88",0,0,0,0,0,0,0,0,0,1,1
"89",0,0,0,0,1,0,0,2,0,2,2
"90",1,0,1,0,1,1,0,1,2,3,1
"91",0,1,0,0,1,0,0,3,0,5,5
"92",0,2,0,0,2,0,1,5,1,5,4
"93",0,5,0,1,3,1,0,2,1,4,3
"94",0,2,0,0,2,0,0,3,0,5,5
"95",0,3,0,0,4,1,0,2,0,6,6
"96",0,2,0,0,3,0,1,3,0,6,6
"97",1,3,0,1,3,2,1,2,2,4,2
"98",1,0,0,1,2,1,2,4,2,5,3
"99",0,2,0,1,4,0,0,2,1,7,6
"100",1,0,1,0,2,1,0,3,1,3,2
"101",0,3,0,0,1,0,0,1,0,3,3
"102",0,0,0,0,0,1,0,0,1,0,-1
"103",0,2,0,0,3,0,1,5,0,8,8
"104",0,1,0,0,2,0,1,2,0,5,5
"105",0,1,0,0,1,0,1,3,0,4,4
"106",1,0,3,0,0,1,0,1,4,0,-4
"107",0,2,2,1,2,1,2,3,2,2,0
"108",0,1,0,1,2,0,1,1,0,3,3
"109",0,2,0,1,2,1,1,2,2,2,0
"110",0,3,0,1,3,0,0,4,0,6,6
"111",1,4,1,2,5,0,4,6,1,8,7
"112",0,0,0,0,0,0,0,0,1,2,1
"113",1,2,1,0,2,1,2,2,3,4,1
"114",1,2,1,0,3,1,2,3,2,12,10
"115",0,0,0,0,1,0,1,1,0,2,2
"116",0,0,0,0,1,1,1,2,1,5,4
"117",0,0,0,0,1,0,1,1,0,2,2
"118",0,0,0,0,0,0,0,0,1,1,0
"119",2,2,0,1,0,1,0,0,2,2,0
"120",0,1,0,0,1,0,1,2,0,2,2
"121",0,1,0,0,4,0,0,3,0,6,6
"122",0,3,0,2,1,0,1,4,0,2,2
"123",0,1,0,1,1,1,1,2,1,1,0
"124",0,2,0,1,2,2,1,3,2,4,2
"125",0,2,0,1,2,1,1,3,1,6,5
"126",0,2,0,0,2,0,1,2,0,8,8
"127",5,2,4,5,2,3,1,1,10,4,-6
"128",0,1,0,0,1,0,0,3,0,6,6
"129",0,0,1,0,2,0,0,2,2,2,0
"130",0,1,0,0,1,1,1,1,0,2,2
"131",1,0,0,0,0,1,0,1,1,4,3
"132",0,0,0,0,1,0,0,1,0,5,5
"133",0,1,0,0,2,0,1,3,0,3,3
"134",1,5,1,1,6,0,2,4,0,8,8
"135",1,1,1,0,0,1,0,1,2,3,1
"136",1,1,1,1,1,1,0,1,1,2,1
"137",0,4,0,0,2,0,1,3,0,5,5
"138",0,1,0,0,1,0,0,2,0,2,2
"139",0,2,0,1,1,0,1,1,0,5,5
"140",1,4,1,1,2,1,1,2,1,6,5
"141",0,0,0,0,2,0,0,2,0,2,2
"142",0,4,0,0,1,0,0,3,0,4,4
"143",0,1,1,0,1,0,1,2,2,1,-1
"144",0,4,0,0,4,0,1,6,0,8,8
"145",0,2,0,0,2,0,1,4,0,9,9
"146",1,2,1,1,1,2,0,2,3,3,0
"147",0,2,0,0,3,1,0,3,0,7,7
"148",0,2,0,0,2,0,0,3,0,4,4
"149",0,3,0,1,2,1,1,1,3,3,0
"150",0,0,0,0,1,0,0,1,1,4,3
"151",0,2,1,1,2,1,1,2,1,3,2
"152",0,0,0,0,2,1,1,1,1,3,2
"153",0,2,0,0,2,0,1,3,1,4,3
"154",0,0,0,0,0,0,0,0,1,2,1
"155",0,3,0,0,2,0,1,1,0,3,3
"156",0,4,0,0,2,0,2,4,0,4,4
"157",0,0,0,0,0,0,0,2,0,0,0
"158",0,1,0,0,1,0,1,1,0,1,1
"159",0,0,0,0,0,0,0,1,0,2,2
"160",0,0,0,2,5,1,1,3,1,8,7
"161",1,2,1,0,4,0,1,5,1,8,7
"162",0,2,0,0,1,0,0,1,0,2,2
"163",0,2,0,0,2,0,1,2,0,3,3
"164",0,3,0,0,4,0,1,3,0,8,8
"165",0,1,0,0,0,0,0,0,0,1,1
"166",1,2,0,1,2,2,1,2,3,5,2
"167",0,0,0,0,0,0,0,1,0,2,2
"168",0,0,1,0,0,0,0,0,1,0,-1
"169",0,1,1,0,1,1,0,1,1,2,1
"170",0,0,0,0,1,0,0,2,0,1,1
"171",1,3,0,1,2,1,2,3,3,4,1
"172",0,1,0,0,3,0,1,3,0,7,7
"173",0,1,0,2,0,1,0,1,1,1,0
"174",2,1,0,1,0,0,0,0,2,1,-1
"175",0,4,1,1,1,1,1,2,2,3,1
"176",0,1,0,1,2,0,1,2,1,2,1
"177",0,1,0,1,2,0,1,1,0,3,3
"178",1,3,0,1,5,0,2,5,1,6,5
"179",0,2,0,0,2,0,0,3,0,2,2
"180",0,3,0,0,1,0,1,1,1,3,2
"181",0,4,0,1,4,1,2,5,2,6,4
"182",0,3,0,0,3,0,1,2,0,5,5
"183",0,1,0,0,1,0,1,2,0,3,3
"184",1,4,1,0,3,1,2,4,1,7,6
"185",0,1,0,1,2,1,1,2,1,4,3
"186",0,0,0,0,0,0,0,1,1,2,1
"187",1,2,1,0,1,0,0,1,1,1,0
"188",0,2,0,0,2,0,1,2,0,2,2
"189",0,1,0,0,1,0,1,3,0,2,2
"190",0,2,0,0,3,0,0,3,0,7,7
"191",0,0,0,0,1,0,0,0,0,2,2
"192",0,0,0,0,1,0,0,2,0,2,2
"193",1,1,0,1,1,0,2,1,1,1,0
"194",0,2,0,0,1,0,0,1,0,3,3
"195",0,2,0,0,3,0,1,3,0,7,7
"196",0,0,0,0,0,0,0,1,0,1,1
"197",0,1,0,0,1,0,2,1,0,6,6
"198",1,3,1,2,2,0,1,4,0,5,5
"199",0,2,0,0,3,0,1,4,0,4,4
"200",0,1,0,0,1,0,0,0,0,2,2
"201",0,2,0,0,0,0,0,1,0,2,2
"202",0,5,0,0,2,0,0,4,0,4,4
"203",0,0,0,0,1,0,0,1,0,4,4
"204",1,2,1,0,1,2,1,4,1,6,5
"205",0,2,0,0,1,0,0,3,0,4,4
"206",0,1,0,0,1,0,0,2,0,1,1
"207",0,0,0,0,0,0,0,0,0,1,1
"208",0,0,0,0,1,1,1,2,1,2,1
"209",1,1,1,0,1,0,1,2,1,4,3
"210",0,3,0,0,1,0,1,1,0,2,2
"211",0,1,0,1,1,0,1,2,0,1,1
"212",0,1,0,1,3,1,0,3,1,3,2
"213",0,2,0,0,1,0,0,1,0,3,3
"214",0,1,0,0,1,0,1,1,0,1,1
"215",0,3,0,0,1,0,1,5,0,4,4
"216",0,2,0,0,1,0,0,1,0,3,3
"217",0,0,0,0,1,0,0,6,0,6,6
"218",0,0,0,0,2,0,1,1,0,2,2
"219",0,0,0,0,0,0,0,0,0,0,0
"220",0,3,0,0,3,0,1,2,0,5,5
"221",0,1,0,1,1,0,1,2,1,3,2
"222",0,2,0,0,2,1,0,4,1,4,3
"223",0,0,0,0,0,0,0,1,0,1,1
"224",0,2,0,0,1,0,1,0,0,2,2
"225",1,1,1,1,1,1,1,1,1,2,1
"226",0,1,0,0,3,1,0,4,1,5,4
"227",0,0,0,0,0,0,0,0,0,0,0
"228",2,3,1,1,2,1,1,3,1,5,4
"229",0,0,0,0,0,0,0,2,0,2,2
"230",0,1,0,0,1,0,1,1,0,2,2
"231",0,3,0,0,2,0,1,4,0,5,5
"232",0,0,1,0,0,0,1,2,1,0,-1
"233",0,0,0,0,1,0,0,1,0,2,2
"234",0,4,0,0,1,0,1,0,1,4,3
"235",0,2,0,0,3,0,1,3,0,5,5
"236",0,2,0,0,1,0,0,3,1,3,2
"237",0,1,0,0,1,0,0,1,0,2,2
"238",0,0,0,1,1,1,0,0,1,1,0
"239",0,0,0,0,1,1,1,4,1,4,3
"240",0,1,0,0,1,0,1,2,0,1,1
"241",0,2,0,0,1,0,1,1,0,1,1
"242",0,1,0,0,1,0,1,1,0,1,1
"243",0,0,0,0,0,0,0,0,0,0,0
"244",0,2,0,0,2,0,0,2,0,2,2
"245",0,1,0,0,2,0,1,1,0,3,3
"246",0,1,0,1,2,0,0,0,0,2,2
"247",0,0,0,0,0,0,0,0,1,1,0
"248",0,0,1,0,0,2,0,0,1,3,2
"249",0,1,0,0,1,0,1,1,1,4,3
"250",0,5,0,0,4,0,2,5,0,7,7
"251",0,6,1,0,3,0,2,3,0,4,4
"252",0,0,0,0,3,0,2,3,0,3,3
"253",0,1,0,0,1,0,1,3,0,3,3
"254",0,2,0,0,2,0,1,3,0,2,2
"255",0,2,0,0,1,0,1,1,0,1,1
"256",0,1,0,0,1,0,1,1,0,1,1
"257",0,0,0,0,1,1,0,1,1,3,2
"258",0,2,0,0,3,0,1,2,0,3,3
"259",0,1,0,0,0,0,0,0,0,0,0
"260",0,5,0,0,3,0,1,3,0,6,6
"261",0,0,0,0,1,0,0,2,1,1,0
"262",0,1,0,0,1,0,0,1,0,2,2
"263",0,1,0,0,1,0,1,1,0,2,2
"264",0,1,0,0,1,1,1,1,0,1,1
"265",0,1,0,1,1,0,1,1,0,1,1
"266",0,0,0,0,0,0,0,0,0,1,1
"267",0,0,0,0,0,0,0,0,0,0,0
"268",0,0,0,0,1,0,0,1,0,3,3
"269",0,0,0,0,0,0,0,0,0,1,1
"270",0,3,0,0,3,0,2,1,0,4,4
"271",0,1,0,0,1,0,0,1,0,3,3
"272",0,1,0,0,2,0,1,2,1,2,1
"273",0,1,0,0,1,0,1,2,0,5,5
"274",0,0,0,0,0,0,0,0,0,0,0
"275",0,0,0,0,0,0,0,1,0,2,2
"276",0,0,0,0,0,0,0,0,0,0,0
"277",1,3,1,0,3,1,1,3,1,4,3
"278",0,0,0,0,0,0,0,1,0,2,2
"279",0,2,0,0,3,0,1,2,0,6,6
"280",0,2,0,0,3,0,0,3,0,4,4
"281",0,1,0,0,2,0,2,2,1,3,2
"282",0,1,0,0,2,0,2,2,0,4,4
"283",1,1,0,0,1,0,1,1,1,1,0
"284",0,0,0,0,0,0,0,0,1,1,0
"285",0,1,0,0,1,0,0,2,1,1,0
"286",0,6,0,0,5,1,4,2,0,7,7
"287",0,1,0,0,2,0,2,2,1,2,1
"288",0,1,0,0,1,0,0,0,0,2,2
"289",0,0,0,0,0,1,0,1,1,1,0
"290",2,0,1,0,1,1,0,2,2,2,0
"291",0,0,0,0,0,1,0,3,1,2,1
"292",0,1,0,0,1,0,0,2,1,2,1
"293",0,2,0,1,2,1,2,3,1,6,5
"294",0,1,0,0,0,0,0,0,0,1,1
"295",0,1,0,0,2,0,1,2,0,4,4
"296",1,0,2,0,1,1,0,1,2,3,1
"297",0,2,0,0,2,0,0,2,0,4,4
"298",0,0,0,0,0,0,0,2,0,1,1
"299",0,1,0,0,1,0,0,2,0,2,2
"300",0,2,0,0,2,0,0,1,0,3,3
"301",0,1,0,1,0,2,0,0,2,0,-2
"302",0,0,0,0,0,0,0,0,0,1,1
"303",0,1,0,1,1,1,1,2,2,2,0
"304",0,1,0,0,1,0,0,1,0,2,2
"305",0,2,0,0,2,0,1,2,0,3,3
"306",0,2,0,1,1,1,1,2,1,3,2
"307",0,4,0,0,4,0,2,3,0,6,6
"308",0,3,0,0,1,0,1,2,0,2,2
"309",0,3,0,1,2,0,0,2,1,3,2
"310",0,0,0,0,0,0,0,0,0,1,1
"311",0,0,0,0,1,0,0,2,0,5,5
"312",0,0,0,0,1,0,1,1,0,1,1
"313",0,1,0,0,1,0,0,1,0,1,1
"314",0,1,0,1,1,0,0,1,0,4,4
"315",0,2,0,0,2,0,0,1,1,5,4
"316",0,2,0,1,2,0,0,0,0,2,2
"317",0,2,0,0,1,0,1,1,0,2,2
"318",0,1,0,0,1,0,0,1,0,2,2
"319",1,0,0,1,0,1,1,0,1,0,-1
"320",0,0,0,0,0,0,1,0,0,1,1
"321",0,2,0,0,0,1,0,2,2,3,1
"322",0,1,0,0,1,0,0,1,0,3,3
"323",0,3,2,2,4,5,2,5,3,6,3
"324",0,0,0,0,0,0,0,2,0,5,5
"325",0,1,0,0,1,0,1,1,0,5,5
"326",0,0,0,0,0,0,0,1,0,2,2
"327",0,2,0,0,3,0,1,3,0,5,5
"328",0,0,0,0,1,0,0,2,1,2,1
"329",0,3,0,0,2,1,2,2,1,3,2
"330",0,3,0,0,1,0,0,4,0,7,7
"331",0,1,0,0,1,0,0,1,0,2,2
"332",0,1,0,0,1,0,1,1,0,1,1
"333",0,1,0,0,1,0,1,1,0,2,2
"334",0,1,0,0,1,0,1,1,0,1,1
"335",1,2,1,0,1,0,1,1,1,3,2
"336",1,2,1,0,1,1,1,1,1,1,0
"337",0,1,0,1,2,0,0,2,1,4,3
"338",0,0,1,0,0,1,0,0,1,2,1
"339",0,3,0,0,0,0,1,2,0,3,3
"340",0,1,0,0,2,0,1,2,0,2,2
"341",0,1,0,0,1,0,1,1,0,1,1
"342",0,0,0,0,0,0,0,1,0,1,1
"343",0,0,0,0,0,0,0,0,0,0,0
"344",0,1,0,0,2,0,2,3,0,3,3
"345",0,1,0,0,1,0,1,2,0,2,2
"346",0,1,0,0,1,0,1,2,0,2,2
"347",0,2,0,0,1,0,0,1,1,2,1
"348",0,2,0,0,2,1,2,1,0,2,2
"349",0,0,0,0,2,0,0,4,1,4,3
"350",0,2,0,0,1,0,0,1,0,3,3
"351",0,1,0,0,1,0,0,0,1,3,2
"352",0,0,0,0,1,0,0,1,0,1,1
"353",0,1,1,1,2,1,1,1,2,3,1
"354",0,3,0,0,4,0,1,2,0,6,6
"355",0,3,0,0,2,0,1,2,0,3,3
"356",0,2,0,0,2,0,1,3,0,2,2
"357",0,1,1,0,0,0,0,0,1,0,-1
"358",0,0,0,0,0,0,0,1,0,1,1
"359",0,1,0,0,1,0,1,1,0,5,5
"360",0,0,0,0,0,0,0,0,0,1,1
"361",0,3,0,0,2,0,1,3,0,4,4
"362",0,1,0,1,2,1,1,1,1,2,1
"363",0,1,0,0,0,0,0,0,0,0,0
"364",0,1,0,0,1,0,0,1,0,1,1
"365",0,0,0,0,0,0,0,0,0,0,0
"366",1,0,1,0,0,1,0,1,2,0,-2
"367",0,0,0,0,1,0,0,1,0,3,3
"368",0,0,1,0,0,0,0,0,1,0,-1
"369",0,0,0,0,0,0,0,0,0,1,1
"370",0,2,0,0,0,0,0,1,1,2,1
"371",1,2,0,1,1,0,0,0,2,3,1
"372",0,1,0,0,0,0,0,0,0,1,1
"373",0,2,0,0,1,0,1,3,0,4,4
"374",0,1,1,0,1,0,1,1,1,2,1
"375",0,0,0,0,0,0,0,1,0,1,1
"376",0,0,0,0,1,0,0,2,0,1,1
"377",0,1,0,0,0,0,0,0,0,0,0
"378",0,1,0,1,2,0,0,2,0,3,3
"379",0,1,0,2,2,0,0,2,0,4,4
"380",0,0,0,0,0,1,1,2,1,2,1
"381",0,0,0,0,0,0,0,1,0,2,2
"382",0,2,0,0,3,0,1,2,0,3,3
"383",0,2,0,0,1,0,1,1,1,3,2
"384",0,0,0,0,0,0,0,0,0,1,1
"385",0,0,0,0,0,0,0,0,0,1,1
"386",0,0,0,0,3,0,0,2,0,4,4
"387",1,2,1,0,1,0,1,1,1,2,1
"388",0,2,0,0,1,0,1,1,0,2,2
"389",0,0,0,0,0,0,1,1,0,0,0
"390",0,0,0,0,0,0,0,1,0,1,1
"391",1,0,0,0,0,0,0,2,1,4,3
"392",0,1,0,0,1,0,0,1,0,1,1
"393",0,1,0,0,1,0,1,1,0,2,2
"394",0,0,0,0,0,0,0,2,0,2,2
"395",0,2,0,0,0,0,1,0,0,1,1
"396",0,0,0,0,0,0,0,1,0,0,0
"397",0,0,0,0,0,0,0,0,0,3,3
"398",0,0,0,0,0,0,0,0,0,1,1
"399",0,0,0,0,1,0,0,1,0,2,2
"400",0,0,0,0,0,0,0,0,0,0,0
"401",0,1,0,0,1,0,0,1,0,1,1
"402",0,1,0,0,1,0,1,1,0,1,1
"403",0,0,0,1,0,0,0,1,0,3,3
"404",0,1,0,0,1,0,1,1,0,1,1
"405",0,2,0,0,3,0,1,4,0,4,4
"406",0,1,0,2,1,0,0,0,0,1,1
"407",0,1,0,0,1,0,0,1,0,2,2
"408",1,1,1,1,1,1,1,1,1,1,0
"409",0,1,0,0,1,0,1,1,0,1,1
"410",0,1,0,1,0,0,0,1,0,2,2
"411",0,1,0,0,0,0,0,2,0,3,3
"412",0,1,0,0,2,0,1,2,1,3,2
"413",0,1,0,0,1,0,1,1,0,2,2
"414",1,2,1,2,2,1,0,1,1,3,2
"415",0,0,0,0,0,0,1,1,0,2,2
"416",0,0,0,0,0,0,1,0,0,1,1
"417",0,1,0,0,1,0,0,2,0,3,3
"418",0,1,0,0,2,0,1,3,0,3,3
"419",0,1,0,0,1,0,0,1,0,2,2
"420",0,1,0,1,1,1,1,2,1,1,0
"421",0,1,0,1,1,1,0,2,1,3,2
"422",0,0,0,0,0,0,0,1,0,0,0
"423",1,1,0,0,1,0,1,2,1,3,2
"424",0,1,0,0,1,0,1,1,0,3,3
"425",0,1,0,0,0,0,1,2,0,2,2
"426",0,1,0,0,0,0,0,1,0,1,1
"427",1,0,1,0,0,1,0,0,1,1,0
"428",0,1,0,0,1,0,0,1,0,3,3
"429",0,0,0,0,0,0,0,0,0,3,3
"430",1,1,1,1,1,1,1,3,1,3,2
"431",0,2,0,0,1,0,0,1,0,3,3
"432",0,0,0,0,0,0,0,0,0,1,1
"433",0,2,0,0,2,0,0,3,0,4,4
"434",0,2,0,0,3,0,2,3,1,4,3
"435",0,1,0,0,2,0,0,2,0,5,5
"436",0,0,0,0,0,0,0,0,0,0,0
"437",0,0,0,0,0,0,0,0,0,0,0
"438",0,1,0,0,1,0,1,1,1,3,2
"439",0,0,0,0,2,0,0,1,0,2,2
"440",0,1,0,0,0,0,0,0,0,2,2
"441",0,2,0,0,2,0,1,2,0,4,4
"442",0,5,0,0,3,1,2,2,0,3,3
"443",0,2,0,0,1,0,1,2,0,2,2
"444",0,0,0,0,1,0,0,0,0,1,1
"445",1,1,2,0,0,0,0,1,2,1,-1
"446",0,2,0,0,1,0,2,2,0,4,4
"447",0,0,0,0,0,0,0,0,0,0,0
"448",0,3,0,0,3,1,3,1,0,4,4
"449",1,1,1,0,1,0,1,2,1,2,1
"450",0,0,0,0,0,0,0,2,0,2,2
"451",0,1,0,0,1,0,0,0,0,2,2
"452",0,2,0,0,1,0,0,1,0,2,2
"453",0,0,0,0,0,0,0,2,0,2,2
"454",0,0,0,0,0,0,0,0,0,0,0
"455",0,0,0,0,1,0,0,0,0,1,1
"456",0,1,0,0,1,0,1,2,0,2,2
"457",0,1,0,0,1,0,1,1,0,1,1
"458",0,1,0,0,0,0,0,0,0,2,2
"459",0,2,0,0,2,0,0,2,0,3,3
"460",0,0,0,0,0,0,0,1,1,2,1
"461",0,2,0,0,3,0,1,4,0,5,5
"462",0,1,0,0,2,0,0,3,0,4,4
"463",0,1,0,0,1,0,0,1,0,2,2
"464",0,2,0,0,3,0,1,3,0,5,5
"465",0,0,0,0,0,0,0,0,0,0,0
"466",0,0,0,0,1,0,0,2,1,3,2
"467",0,0,0,0,0,0,0,0,0,0,0
"468",0,1,0,0,2,0,1,1,0,5,5
"469",0,0,0,0,1,0,0,1,0,2,2
"470",0,2,0,0,2,0,1,0,0,3,3
"471",1,0,1,0,1,1,0,1,1,1,0
"472",1,2,0,0,3,0,2,3,0,4,4
"473",0,1,0,0,0,0,0,0,0,2,2
"474",0,0,0,0,1,0,0,1,0,4,4
"475",0,2,0,0,1,0,0,2,0,4,4
"476",0,0,0,0,1,0,0,0,0,2,2
"477",0,0,0,0,0,0,0,0,1,0,-1
"478",1,1,1,0,1,0,0,1,1,2,1
"479",0,1,0,0,2,0,1,3,0,4,4
"480",0,0,0,0,0,0,0,0,0,0,0
"481",0,2,0,1,1,0,0,3,1,2,1
"482",1,2,2,2,2,3,2,2,3,2,-1
"483",1,1,1,1,1,0,0,1,0,1,1
"484",0,1,0,0,1,0,1,0,1,4,3
"485",0,1,0,1,1,0,1,1,0,1,1
"486",1,0,0,1,0,0,0,1,1,1,0
"487",0,0,0,1,0,1,0,2,1,1,0
"488",1,1,0,1,1,1,0,1,2,2,0
"489",0,1,0,0,1,0,1,1,0,1,1
"490",0,0,0,1,0,0,0,0,0,2,2
"491",0,1,0,0,2,0,1,3,0,3,3
"492",0,0,0,0,1,0,0,1,1,1,0
"493",0,1,0,0,2,0,0,1,0,2,2
"494",0,0,0,0,2,0,0,3,0,3,3
"495",0,0,0,0,0,0,0,0,0,2,2
"496",0,2,0,0,2,0,1,2,2,4,2
"497",0,0,0,0,1,0,0,1,0,2,2
"498",0,0,0,0,0,0,0,2,0,2,2
"499",0,2,0,0,1,0,1,1,0,2,2
"500",0,1,0,0,1,1,1,1,0,2,2
"501",2,2,0,1,1,1,0,2,1,4,3
"502",0,1,0,0,1,0,1,1,0,2,2
"503",0,0,0,0,0,0,0,0,0,0,0
"504",0,0,0,0,0,0,0,0,0,0,0
"505",0,0,0,0,0,0,0,0,0,2,2
"506",0,1,0,0,2,0,0,2,0,3,3
"507",0,0,0,0,1,0,0,1,0,2,2
"508",0,0,0,0,0,0,0,0,0,0,0
"509",0,0,0,0,1,0,0,0,0,4,4
"510",0,1,0,0,1,0,0,1,0,2,2
"511",0,1,0,0,1,0,1,2,1,1,0
"512",0,2,0,0,1,0,0,0,0,3,3
"513",0,1,0,1,0,0,0,0,0,0,0
"514",0,1,0,0,1,0,1,1,0,1,1
"515",0,0,1,0,0,1,0,0,1,1,0
"516",0,1,0,0,2,0,0,1,0,2,2
"517",0,0,0,0,0,0,0,1,0,1,1
"518",0,2,0,0,1,0,1,2,0,3,3
"519",0,0,0,0,1,0,0,1,0,2,2
"520",0,2,0,0,2,0,1,3,0,4,4
"521",0,2,0,0,3,0,0,3,1,4,3
"522",0,1,0,0,1,0,0,1,0,1,1
"523",0,1,0,0,0,0,0,0,0,1,1
"524",0,1,0,0,0,0,0,0,0,2,2
"525",0,3,0,0,3,0,0,3,0,5,5
"526",0,1,0,0,1,0,0,1,0,1,1
"527",0,1,0,0,1,0,1,1,0,3,3
"528",1,0,1,1,0,1,0,0,1,0,-1
"529",0,0,0,0,0,0,0,3,0,3,3
"530",0,1,0,0,1,0,1,1,0,1,1
"531",0,1,0,0,3,0,1,2,0,3,3
"532",0,0,0,0,0,0,0,0,0,0,0
"533",0,1,0,0,1,0,1,2,0,5,5
"534",0,2,0,0,1,0,0,1,0,1,1
"535",0,2,0,0,2,0,1,4,0,4,4
"536",0,3,0,0,2,0,1,2,0,3,3
"537",0,0,0,0,0,0,0,0,0,1,1
"538",0,2,0,0,2,0,2,2,0,4,4
"539",0,0,0,0,0,0,0,0,0,0,0
"540",1,2,0,1,2,1,1,2,1,2,1
"541",0,0,0,0,1,0,0,0,0,3,3
"542",1,1,1,0,1,0,1,1,1,1,0
"543",0,0,0,0,1,0,0,1,0,2,2
"544",0,1,0,0,0,0,0,0,0,3,3
"545",1,1,2,0,0,1,0,0,2,0,-2
"546",0,2,0,0,2,0,2,3,0,5,5
"547",0,1,0,0,2,0,1,2,0,3,3
"548",0,0,0,0,1,0,0,1,0,1,1
"549",0,1,0,0,1,0,1,1,0,1,1
"550",0,1,0,0,0,1,0,1,1,0,-1
"551",0,2,0,1,1,1,0,1,1,2,1
"552",0,1,0,0,2,0,0,2,0,3,3
"553",0,0,0,0,0,0,0,3,0,3,3
"554",1,3,1,0,2,1,1,2,1,2,1
"555",1,1,1,1,1,2,1,1,2,1,-1
"556",0,1,0,0,1,0,1,1,0,1,1
"557",0,0,0,0,1,0,1,1,0,1,1
"558",0,1,0,0,2,0,1,2,0,2,2
"559",0,0,0,0,0,0,0,0,0,1,1
"560",0,1,0,0,2,0,0,2,0,2,2
"561",0,1,0,0,2,0,1,0,0,2,2
"562",0,2,0,0,1,0,2,1,1,1,0
"563",0,0,0,0,0,0,0,0,0,1,1
"564",0,2,0,0,1,0,1,1,0,2,2
"565",0,0,0,0,0,0,0,0,0,0,0
"566",0,0,0,0,0,0,0,0,0,0,0
"567",0,0,0,0,0,0,0,0,0,0,0
"568",0,0,0,0,0,0,0,1,0,1,1
"569",0,2,0,0,3,0,1,3,0,5,5
"570",0,0,0,0,0,0,0,0,0,0,0
"571",0,1,0,0,1,0,1,1,0,1,1
"572",1,0,1,0,0,2,0,0,3,2,-1
"573",0,1,0,0,0,0,0,1,0,1,1
"574",0,1,0,1,1,0,1,1,1,2,1
"575",0,2,0,0,2,0,0,3,0,4,4
"576",0,0,0,0,0,0,0,0,0,0,0
"577",0,0,0,0,0,0,0,0,0,1,1
"578",0,0,0,0,0,0,0,0,0,0,0
"579",0,0,0,0,0,0,0,1,0,1,1
"580",0,0,0,0,1,0,0,1,2,2,0
"581",0,0,0,0,1,0,0,1,0,2,2
"582",0,0,0,0,0,1,0,0,2,0,-2
"583",0,0,0,0,0,0,0,0,0,0,0
"584",1,1,0,0,0,1,0,0,1,2,1
"585",0,0,0,0,0,0,0,0,0,1,1
"586",0,2,0,1,2,0,0,0,0,4,4
"587",1,3,2,0,3,0,2,2,1,3,2
"588",0,0,0,0,0,0,0,0,0,0,0
"589",0,1,0,0,0,0,0,1,0,4,4
"590",0,0,0,0,0,0,0,0,0,0,0
"591",0,1,0,0,1,0,0,1,0,1,1
"592",0,1,0,0,2,0,0,2,0,4,4
"593",0,0,0,0,1,0,1,1,0,2,2
"594",0,0,0,0,1,0,1,3,0,3,3
"595",1,1,1,1,1,0,1,1,0,2,2
"596",0,0,0,0,1,0,1,1,0,2,2
"597",0,0,0,0,0,0,0,0,0,0,0
"598",0,0,0,0,0,0,0,0,0,0,0
"599",0,0,0,0,0,0,0,3,1,3,2
"600",0,1,0,0,1,0,1,2,0,2,2
"601",0,3,0,0,2,0,0,3,0,2,2
"602",0,0,0,0,0,0,0,0,0,0,0
"603",1,2,1,1,1,0,1,2,1,3,2
"604",0,2,0,0,2,0,0,2,0,4,4
"605",0,1,0,0,1,1,1,1,2,1,-1
"606",0,1,0,0,1,0,1,1,0,1,1
"607",0,1,1,0,1,0,1,2,0,2,2
"608",0,0,0,0,1,0,0,1,0,1,1
"609",0,0,0,0,0,0,0,0,0,0,0
"610",0,1,0,0,0,0,0,0,0,0,0
"611",0,0,0,0,0,0,0,0,0,0,0
"612",0,1,0,0,1,0,1,1,0,1,1
"613",1,0,1,0,1,0,0,0,1,1,0
"614",0,1,0,1,0,0,0,0,0,1,1
"615",0,0,0,0,0,0,0,0,0,0,0
"616",0,1,0,0,1,0,0,2,0,2,2
"617",0,1,0,0,1,0,1,1,0,2,2
"618",1,2,0,1,0,0,1,1,2,1,-1
"619",0,1,0,0,1,0,1,1,0,1,1
"620",0,2,0,0,1,0,1,1,0,2,2
"621",0,1,0,0,1,0,1,1,0,1,1
"622",0,0,0,0,0,0,0,0,0,1,1
"623",0,1,0,0,2,0,0,2,0,4,4
"624",0,0,0,0,0,0,0,0,0,1,1
"625",0,2,0,0,1,0,0,1,0,2,2
"626",0,1,0,0,1,0,1,1,0,2,2
"627",0,1,0,1,2,0,0,0,0,4,4
"628",0,0,0,0,0,0,0,0,0,0,0
"629",1,3,1,0,2,1,2,3,2,4,2
"630",0,0,1,0,0,1,0,0,0,2,2
"631",0,2,0,0,2,0,0,4,0,4,4
"632",0,0,0,0,0,0,0,0,0,0,0
"633",0,0,0,0,0,0,0,1,0,1,1
"634",0,0,0,0,0,0,0,0,0,0,0
"635",0,0,0,0,0,0,0,0,0,0,0
"636",0,0,0,0,1,0,0,0,0,1,1
"637",0,2,0,0,2,0,1,2,0,3,3
"638",0,0,0,0,1,0,1,1,0,1,1
"639",0,2,0,0,1,0,1,2,0,2,2
"640",1,2,0,0,3,0,2,2,1,5,4
"641",0,2,0,0,1,0,2,1,0,3,3
"642",0,0,0,0,0,0,0,0,0,0,0
"643",0,0,0,0,0,0,0,0,0,0,0
"644",0,0,0,0,0,0,0,0,0,0,0
"645",0,1,0,0,1,0,0,0,0,1,1
"646",0,0,0,0,0,0,0,2,0,1,1
"647",0,0,0,0,1,0,0,1,0,1,1
"648",0,0,0,0,0,0,0,1,1,0,-1
"649",0,0,0,0,0,0,0,0,0,1,1
"650",0,2,0,0,3,0,1,2,0,5,5
"651",0,1,0,0,2,0,1,1,0,2,2
"652",0,3,0,0,2,0,1,3,0,3,3
"653",0,1,0,0,0,0,0,0,0,3,3
"654",0,0,0,0,0,0,0,0,0,1,1
"655",0,1,0,0,0,0,0,1,0,1,1
"656",0,1,0,0,1,0,0,1,0,2,2
"657",0,1,0,0,1,0,1,1,0,1,1
"658",0,0,0,0,1,0,1,0,0,1,1
"659",0,2,1,1,1,1,1,1,1,4,3
"660",0,1,0,0,1,0,1,1,0,1,1
"661",1,1,1,1,1,0,0,1,0,1,1
"662",0,1,0,0,1,0,1,1,0,1,1
"663",0,0,0,0,0,0,0,0,0,0,0
"664",0,1,0,0,1,0,1,0,0,3,3
"665",0,1,0,0,2,0,0,1,0,4,4
"666",0,2,0,0,1,0,0,1,0,3,3
"667",0,1,0,0,1,0,0,2,0,5,5
"668",0,0,0,0,0,0,0,0,0,0,0
"669",0,0,0,0,0,0,0,1,1,2,1
"670",1,1,0,0,1,1,1,1,1,1,0
"671",0,1,0,0,1,0,0,1,0,3,3
"672",0,0,0,1,0,2,0,2,3,1,-2
"673",0,2,0,0,3,0,1,3,0,4,4
"674",0,1,0,0,1,0,0,1,0,1,1
"675",0,2,0,0,1,0,1,1,0,2,2
"676",0,0,0,0,0,0,0,0,0,0,0
"677",0,0,0,0,0,0,0,0,0,0,0
"678",0,2,0,0,1,0,0,2,0,4,4
"679",0,2,0,0,1,0,1,0,0,1,1
"680",0,2,0,0,1,0,0,1,0,1,1
"681",0,1,0,0,1,0,1,1,0,2,2
"682",0,2,0,0,2,0,0,2,0,3,3
"683",0,0,0,0,1,0,0,1,0,1,1
"684",0,1,0,0,2,0,0,1,0,2,2
"685",0,0,0,0,0,0,0,1,0,1,1
"686",0,1,0,0,1,0,1,1,0,1,1
"687",1,0,0,0,1,1,0,0,2,1,-1
"688",0,0,0,0,0,1,0,0,2,0,-2
"689",0,0,0,0,0,0,0,0,0,1,1
"690",0,0,0,1,0,0,0,0,0,1,1
"691",0,0,0,0,0,0,0,2,0,2,2
"692",0,1,0,0,1,0,1,1,0,1,1
"693",0,0,0,0,1,0,1,1,0,1,1
"694",0,0,0,0,0,0,0,0,0,0,0
"695",0,0,0,0,1,0,0,1,0,2,2
"696",0,0,0,0,0,0,0,0,0,0,0
"697",0,3,0,0,2,0,0,2,0,4,4
"698",0,1,0,0,1,0,1,2,0,3,3
"699",0,0,0,0,0,0,0,0,0,1,1
"700",0,0,0,0,0,0,0,0,0,1,1
"701",0,0,0,0,0,0,0,0,0,0,0
"702",0,1,0,0,1,0,1,1,0,1,1
"703",0,1,0,1,0,0,1,0,0,1,1
"704",0,0,0,0,0,0,0,0,0,0,0
"705",0,0,0,0,0,0,0,0,0,2,2
"706",0,0,0,0,0,0,0,0,0,0,0
"707",0,0,0,0,0,0,0,0,0,0,0
"708",0,0,0,0,1,0,0,1,0,2,2
"709",0,2,0,0,1,0,1,2,0,3,3
"710",0,0,0,0,0,0,0,0,0,1,1
"711",0,0,0,0,0,1,0,0,1,0,-1
"712",0,0,0,0,0,0,0,0,1,0,-1
"713",0,0,0,0,0,0,0,1,0,1,1
"714",0,1,0,0,1,0,0,1,0,2,2
"715",0,1,0,0,1,0,1,1,0,1,1
"716",0,2,0,0,3,0,1,1,0,3,3
"717",0,0,0,0,1,0,1,0,0,1,1
"718",0,0,0,0,2,0,0,2,1,3,2
"719",0,0,0,0,0,0,0,0,0,1,1
"720",0,0,0,0,1,0,0,0,0,1,1
"721",0,0,0,0,0,0,0,1,0,1,1
"722",0,1,0,0,1,0,1,1,0,1,1
"723",0,2,0,0,2,0,1,2,0,2,2
"724",0,0,0,0,0,0,0,0,0,0,0
"725",0,2,0,0,2,0,1,1,0,2,2
"726",0,3,0,0,3,0,0,3,0,3,3
"727",0,0,1,0,0,1,0,0,0,2,2
"728",0,1,0,0,1,0,1,1,0,1,1
"729",0,1,0,0,2,0,1,1,0,2,2
"730",0,1,0,0,1,0,0,1,0,2,2
"731",0,0,0,0,1,0,0,0,0,1,1
"732",0,1,0,0,1,0,0,1,0,2,2
"733",0,2,0,0,1,0,1,1,0,2,2
"734",0,1,0,0,1,0,0,1,0,1,1
"735",0,0,0,1,0,0,0,0,0,1,1
"736",0,0,0,0,0,0,0,0,0,0,0
"737",0,1,0,1,0,0,0,0,1,1,0
"738",0,0,0,0,0,0,0,0,0,0,0
"739",0,1,0,0,1,0,0,1,0,3,3
"740",1,0,1,1,0,1,0,1,1,1,0
"741",0,2,0,0,1,0,0,2,0,3,3
"742",0,1,0,0,1,0,0,2,0,1,1
"743",0,1,0,0,1,0,0,0,0,1,1
"744",0,0,0,0,0,0,0,0,0,2,2
"745",0,2,0,0,0,0,0,1,0,2,2
"746",0,1,0,0,1,0,1,1,0,3,3
"747",0,0,0,0,0,0,0,0,0,2,2
"748",0,1,0,0,2,0,0,1,0,5,5
"749",0,2,0,0,2,0,1,3,0,3,3
"750",0,0,0,0,0,0,0,0,0,0,0
"751",0,0,0,0,0,0,0,0,0,0,0
"752",0,0,0,0,0,0,0,0,0,0,0
"753",0,1,0,0,1,0,1,1,0,2,2
"754",0,1,0,0,2,0,1,1,0,2,2
"755",0,0,0,0,0,0,0,1,0,2,2
"756",0,0,0,0,0,0,0,0,0,0,0
"757",0,0,0,0,0,0,0,0,0,0,0
"758",0,0,0,0,1,0,1,2,0,2,2
"759",0,2,0,0,2,0,1,2,0,4,4
"760",0,0,0,0,0,0,0,0,0,0,0
"761",0,1,0,0,2,0,1,2,0,5,5
"762",0,0,0,0,0,0,0,0,0,0,0
"763",0,0,0,0,0,0,0,0,0,1,1
"764",0,0,0,0,0,0,0,0,1,0,-1
"765",0,1,0,0,2,0,1,2,0,2,2
"766",0,0,0,0,0,0,0,0,0,0,0
"767",0,3,0,0,3,0,2,3,0,3,3
"768",0,1,0,0,2,0,0,3,0,5,5
"769",0,3,0,0,2,0,0,2,0,2,2
"770",0,2,0,0,1,0,0,1,0,2,2
"771",0,1,0,0,1,0,0,0,0,2,2
"772",0,2,0,1,1,0,1,1,0,2,2
"773",0,1,0,0,1,0,0,2,0,3,3
"774",0,0,0,0,0,0,0,1,0,1,1
"775",1,0,0,1,0,1,0,0,1,0,-1
"776",0,0,0,0,0,0,0,0,0,0,0
"777",0,1,1,0,1,1,1,2,0,3,3
"778",0,4,0,0,4,0,2,3,0,5,5
"779",0,2,0,0,2,0,1,3,0,3,3
"780",0,2,0,0,2,1,1,1,0,3,3
"781",0,2,0,0,1,0,0,2,0,4,4
"782",0,0,0,0,0,0,0,1,0,5,5
"783",0,0,1,1,0,0,0,0,1,0,-1
"784",0,0,0,0,0,0,0,0,0,0,0
"785",0,1,0,0,1,0,1,1,0,1,1
"786",0,0,0,0,0,0,0,0,0,0,0
"787",0,0,0,0,2,0,0,1,0,3,3
"788",0,0,0,1,1,0,0,1,0,2,2
"789",0,0,0,0,0,0,0,0,0,0,0
"790",0,1,0,0,1,0,1,1,0,1,1
"791",0,2,0,0,2,0,1,3,0,4,4
"792",0,0,0,0,0,0,0,0,0,0,0
"793",0,2,0,0,3,0,1,4,0,3,3
"794",0,1,0,0,1,0,0,1,0,1,1
"795",0,0,0,0,0,1,0,0,1,0,-1
"796",0,0,0,0,0,0,0,0,0,1,1
"797",0,0,0,0,1,0,0,1,0,1,1
"798",0,1,0,0,1,0,0,1,0,2,2
"799",1,1,0,1,1,2,2,1,2,1,-1
"800",0,0,0,0,1,0,0,1,0,1,1
"801",0,0,0,0,0,0,0,0,0,0,0
"802",0,2,0,0,2,0,0,3,0,2,2
"803",0,2,0,0,0,0,0,0,0,1,1
"804",0,0,0,0,0,0,0,0,0,1,1
"805",0,1,0,0,1,0,1,2,0,3,3
"806",0,0,0,0,0,0,0,1,0,1,1
"807",0,1,0,0,1,0,1,1,0,3,3
"808",0,0,0,0,0,0,0,1,0,1,1
"809",0,2,0,0,2,0,2,2,0,5,5
"810",0,0,0,0,0,0,0,1,0,2,2
"811",0,1,0,0,0,1,0,0,1,1,0
"812",0,0,0,0,0,0,0,0,0,0,0
"813",0,1,0,0,2,0,1,2,0,3,3
"814",0,1,0,0,1,0,0,1,0,1,1
"815",0,0,0,0,1,0,0,1,0,2,2
"816",0,1,0,0,0,0,0,0,1,0,-1
"817",0,0,0,0,0,0,0,0,0,0,0
"818",0,1,0,0,1,0,0,0,0,1,1
"819",1,2,0,0,2,1,2,1,1,3,2
"820",0,0,0,0,1,0,0,0,0,1,1
"821",0,2,0,0,2,0,2,3,0,4,4
"822",0,0,0,0,0,0,0,1,0,1,1
"823",0,1,0,0,0,0,0,0,0,0,0
"824",0,1,1,0,2,1,1,2,2,2,0
"825",0,0,0,0,0,0,0,0,0,0,0
"826",0,2,0,0,2,0,1,1,0,3,3
"827",0,0,0,0,0,0,0,0,0,0,0
"828",1,0,1,0,0,1,0,1,2,0,-2
"829",0,0,0,0,0,0,0,0,0,1,1
"830",0,1,0,0,0,0,0,0,0,0,0
"831",0,0,0,0,1,0,0,2,0,2,2
"832",0,0,0,0,0,0,0,1,0,1,1
"833",0,0,0,0,0,0,0,0,0,1,1
"834",0,0,0,0,0,0,0,0,0,0,0
"835",1,0,2,0,0,0,0,0,2,0,-2
"836",0,0,0,0,0,0,0,0,0,1,1
"837",0,1,0,0,1,0,1,1,0,1,1
"838",0,0,0,0,0,0,0,0,0,0,0
"839",0,0,0,0,0,0,0,0,0,0,0
"840",0,0,0,0,0,0,0,0,0,2,2
"841",0,1,0,0,2,0,1,1,0,2,2
"842",0,1,0,0,1,0,0,4,0,4,4
"843",0,3,0,0,2,0,0,2,0,4,4
"844",0,1,0,0,2,0,1,2,0,2,2
"845",0,0,0,0,0,0,0,0,0,1,1
"846",0,1,0,0,0,0,0,1,0,1,1
"847",0,0,0,0,0,0,0,1,0,0,0
"848",0,0,0,0,0,0,0,0,0,1,1
"849",0,0,0,0,0,0,0,0,0,1,1
"850",0,2,0,0,2,1,2,3,0,4,4
"851",0,1,0,0,1,0,1,1,0,2,2
"852",0,0,0,0,0,0,0,0,0,0,0
"853",0,0,0,1,0,0,0,0,0,0,0
"854",0,0,0,1,0,0,0,0,0,0,0
"855",0,1,0,0,1,0,1,1,0,1,1
"856",0,1,0,0,2,0,1,3,0,4,4
"857",0,1,0,0,1,0,0,1,0,2,2
"858",0,0,0,0,1,0,1,1,0,1,1
"859",0,1,0,0,1,0,1,1,0,1,1
"860",1,0,0,1,0,1,0,0,1,0,-1
"861",0,0,0,0,1,0,0,0,0,1,1
"862",0,0,0,0,0,0,0,0,0,0,0
"863",0,1,0,0,0,0,0,2,1,1,0
"864",0,0,0,0,2,0,0,1,0,2,2
"865",0,0,0,0,0,0,0,1,0,1,1
"866",0,0,0,0,0,0,0,0,0,0,0
"867",0,0,0,0,0,0,0,2,0,2,2
"868",0,1,0,0,1,0,1,0,0,1,1
"869",0,1,0,0,1,0,0,2,0,4,4
"870",0,1,0,0,1,0,1,1,1,2,1
"871",0,0,0,0,1,0,0,1,0,3,3
"872",0,1,0,0,1,0,1,1,0,2,2
"873",0,0,0,0,0,0,0,0,0,2,2
"874",0,0,0,0,0,0,0,0,0,0,0
"875",0,2,0,0,3,0,2,2,0,4,4
"876",0,1,0,0,1,0,1,1,0,1,1
"877",0,0,0,0,0,0,0,0,0,0,0
"878",0,0,0,0,0,0,0,1,0,1,1
"879",0,2,0,0,1,0,0,2,0,1,1
"880",0,2,0,0,1,0,1,3,1,2,1
"881",0,1,0,0,1,0,1,1,0,1,1
"882",0,1,0,0,1,0,0,2,0,1,1
"883",0,1,0,0,2,0,1,2,0,2,2
"884",0,1,0,0,0,0,0,1,0,1,1
"885",0,0,0,0,0,0,1,1,0,2,2
"886",0,0,0,0,0,0,0,0,0,0,0
"887",0,1,0,0,1,0,1,1,0,1,1
"888",0,1,0,0,2,0,1,1,0,2,2
"889",1,2,1,0,2,1,1,2,1,3,2
"890",0,0,0,0,0,0,0,0,0,1,1
"891",0,0,0,0,0,0,0,0,0,0,0
"892",0,0,0,0,2,0,1,3,0,3,3
"893",1,1,0,1,1,1,0,1,1,3,2
"894",0,1,0,0,1,0,0,1,0,2,2
"895",0,1,0,0,1,2,1,1,1,2,1
"896",0,0,0,0,0,0,0,0,0,0,0
"897",0,0,0,0,0,0,0,0,0,1,1
"898",0,1,0,1,1,0,1,1,0,1,1
"899",1,1,0,0,1,0,0,0,1,1,0
"900",0,0,0,0,0,0,0,1,0,1,1
"901",0,1,0,0,1,0,0,1,0,2,2
"902",0,0,0,0,0,0,0,1,0,1,1
"903",0,2,0,1,1,0,1,2,0,2,2
"904",0,0,0,0,0,0,0,0,0,0,0
"905",0,0,0,0,0,0,0,0,0,0,0
"906",0,2,0,0,2,0,1,2,0,2,2
"907",0,1,0,1,0,0,0,0,0,0,0
"908",0,1,0,0,2,0,1,1,0,2,2
"909",0,0,0,0,0,0,0,1,0,2,2
"910",0,0,0,0,0,0,0,0,0,0,0
"911",0,1,0,0,0,0,0,0,0,0,0
"912",0,0,0,0,0,0,0,0,0,0,0
"913",0,0,0,0,1,0,0,1,0,1,1
"914",0,0,0,0,0,0,0,0,0,0,0
"915",0,1,0,0,0,0,0,0,0,0,0
"916",0,0,0,0,1,0,0,1,0,1,1
"917",0,1,0,0,1,0,1,1,0,1,1
"918",0,2,0,0,1,0,1,1,0,2,2
"919",0,5,1,0,3,0,2,3,0,4,4
"920",0,1,0,0,0,0,0,0,0,1,1
"921",0,0,0,0,0,0,0,0,0,0,0
"922",0,0,0,0,0,0,0,0,0,0,0
"923",0,0,0,0,0,0,1,0,0,0,0
"924",0,0,0,0,0,0,0,0,0,0,0
"925",0,2,0,0,2,0,0,1,0,2,2
"926",0,0,0,0,0,0,0,0,0,0,0
"927",1,2,1,2,2,0,0,3,0,2,2
"928",0,0,0,0,1,0,0,1,1,1,0
"929",0,0,0,0,0,0,0,0,0,0,0
"930",0,2,0,0,1,0,0,3,0,5,5
"931",0,0,0,0,0,0,0,0,0,0,0
"932",0,0,0,0,0,0,0,0,0,0,0
"933",0,1,0,0,1,0,0,1,0,1,1
"934",0,1,0,0,0,0,0,0,1,0,-1
"935",0,0,0,0,0,0,0,0,0,0,0
"936",0,0,0,0,0,0,0,0,0,0,0
"937",0,0,0,0,0,0,0,0,0,0,0
"938",0,0,0,0,1,0,0,1,0,1,1
"939",0,0,0,0,0,0,0,0,0,0,0
"940",0,0,0,0,0,0,0,0,0,0,0
"941",0,0,0,0,0,0,0,0,0,0,0
"942",0,1,0,0,1,0,0,2,0,2,2
"943",0,1,0,0,1,0,0,1,0,1,1
"944",0,0,0,0,0,0,0,0,0,0,0
"945",0,0,0,0,0,0,0,0,0,0,0
"946",0,0,0,0,0,0,0,0,0,0,0
"947",0,1,0,0,1,0,1,1,0,3,3
"948",0,1,0,0,1,0,0,1,0,2,2
"949",0,0,0,0,0,0,0,0,0,1,1
"950",0,0,0,0,0,0,0,0,0,0,0
"951",0,0,0,0,0,0,0,0,0,0,0
"952",0,1,0,0,1,0,1,1,0,1,1
"953",0,2,0,0,2,1,2,2,0,2,2
"954",0,1,0,0,1,0,1,1,0,1,1
"955",1,0,1,1,1,0,0,1,2,2,0
"956",0,0,0,0,0,0,0,0,0,0,0
"957",0,0,1,0,0,0,0,0,1,0,-1
"958",0,1,0,0,1,0,1,1,0,1,1
"959",0,1,0,0,1,0,0,0,0,2,2
"960",0,1,0,0,1,0,1,1,1,1,0
"961",0,0,0,0,0,0,0,0,0,0,0
"962",0,0,0,0,0,0,0,0,0,1,1
"963",0,1,0,0,1,0,0,1,0,1,1
"964",0,1,0,0,1,0,1,1,0,1,1
"965",0,0,0,0,0,0,0,0,0,1,1
"966",0,0,0,0,0,0,0,0,0,0,0
"967",0,1,0,0,0,0,0,0,0,0,0
"968",0,1,0,0,1,0,1,1,0,1,1
"969",0,2,0,0,2,0,0,2,0,2,2
"970",0,0,0,0,0,0,0,0,0,2,2
"971",0,2,0,0,2,0,1,2,0,4,4
"972",0,3,0,0,3,0,0,3,0,4,4
"973",0,1,0,0,0,0,0,0,0,0,0
"974",0,1,0,0,1,0,0,1,0,1,1
"975",1,0,1,1,0,1,0,1,2,0,-2
"976",0,1,0,0,1,0,0,2,0,2,2
"977",0,1,0,0,2,0,1,2,0,3,3
"978",0,0,0,0,0,0,0,0,0,1,1
"979",0,0,0,0,0,0,0,0,0,1,1
"980",0,1,0,0,0,0,0,0,0,0,0
"981",0,2,0,0,0,0,0,0,0,1,1
"982",0,2,0,0,0,0,1,0,0,3,3
"983",0,1,0,0,1,0,1,2,0,1,1
"984",1,2,0,1,2,1,0,2,1,4,3
"985",1,1,1,1,2,0,0,2,0,2,2
"986",0,1,0,0,1,0,1,1,0,1,1
"987",0,0,0,0,0,0,0,0,0,1,1
"988",0,0,0,0,0,0,0,0,0,1,1
"989",0,0,0,1,0,1,0,0,1,0,-1
"990",0,1,0,0,1,0,0,1,0,1,1
"991",0,0,0,0,0,0,0,1,0,1,1
"992",0,1,0,0,2,0,0,2,0,2,2
"993",0,0,0,0,0,0,0,0,0,1,1
"994",0,1,0,0,1,0,1,2,0,1,1
"995",0,0,0,0,1,0,0,1,0,1,1
"996",0,1,1,0,1,1,1,1,1,2,1
"997",0,2,0,0,1,1,1,1,1,3,2
"998",0,1,1,0,2,1,1,3,2,2,0
"999",0,0,0,0,0,0,0,0,0,0,0
"1000",0,1,0,0,1,0,1,1,0,1,1
"1001",0,2,1,0,2,0,2,2,0,2,2
"1002",0,0,0,0,0,0,0,0,0,0,0
"1003",0,1,0,0,1,0,1,1,0,1,1
"1004",0,1,0,0,1,0,1,1,0,1,1
"1005",0,0,0,0,0,0,0,0,0,0,0
"1006",0,0,0,0,0,0,0,0,0,0,0
"1007",0,1,0,0,1,0,1,1,0,1,1
"1008",0,0,0,0,1,0,0,0,0,1,1
"1009",0,1,0,0,1,0,1,1,0,4,4
"1010",0,0,0,0,1,0,0,0,0,1,1
"1011",0,0,0,0,0,0,0,0,0,0,0
"1012",0,0,0,0,0,0,0,0,0,2,2
"1013",0,2,0,0,1,0,1,1,0,2,2
"1014",0,0,0,0,0,0,0,0,0,1,1
"1015",0,0,0,0,0,0,0,0,0,0,0
"1016",0,0,0,0,0,0,0,0,0,0,0
"1017",0,1,0,0,2,0,1,2,0,2,2
"1018",1,2,1,1,1,2,1,1,2,1,-1
"1019",0,0,0,0,0,0,0,1,0,2,2
"1020",0,0,0,0,0,0,0,1,0,1,1
"1021",0,0,0,0,0,0,0,0,0,0,0
"1022",0,0,0,0,0,0,0,0,0,1,1
"1023",0,0,0,0,0,0,0,0,0,0,0
"1024",0,1,0,0,2,0,0,3,0,4,4
"1025",0,1,0,0,1,0,1,1,0,1,1
"1026",0,0,0,0,1,0,0,1,0,1,1
"1027",0,0,0,0,0,0,0,0,0,0,0
"1028",0,2,0,0,1,0,1,2,0,2,2
"1029",0,1,0,0,1,0,1,1,0,1,1
"1030",0,0,0,0,0,0,0,0,0,0,0
"1031",0,2,0,0,1,0,0,1,0,1,1
"1032",0,0,0,0,0,0,0,1,0,2,2
"1033",0,1,0,0,2,0,1,0,0,2,2
"1034",0,0,0,0,0,0,0,0,0,0,0
"1035",0,0,0,0,0,0,0,0,0,0,0
"1036",0,0,0,0,1,0,0,1,0,1,1
"1037",0,0,0,0,0,0,0,0,0,1,1
"1038",0,0,0,0,0,0,0,0,0,0,0
"1039",0,0,0,0,1,0,1,1,0,2,2
"1040",0,0,0,0,0,0,0,1,0,1,1
"1041",0,0,0,0,1,0,0,1,1,2,1
"1042",0,0,0,1,0,1,0,1,1,1,0
"1043",0,0,0,0,0,0,0,0,0,0,0
"1044",0,0,1,0,0,0,0,2,1,1,0
"1045",0,0,0,0,0,0,0,0,0,0,0
"1046",0,0,1,0,0,0,0,0,1,1,0
"1047",0,1,0,0,1,0,1,1,0,2,2
"1048",0,0,0,0,0,0,0,1,0,1,1
"1049",0,0,0,0,0,0,0,0,0,0,0
"1050",0,0,0,0,0,0,0,0,0,0,0
"1051",0,2,0,0,2,0,1,2,0,2,2
"1052",0,0,0,0,1,0,0,1,0,1,1
"1053",0,1,0,0,2,0,1,2,0,2,2
"1054",0,0,0,0,1,0,1,1,0,1,1
"1055",0,0,0,0,0,0,0,0,0,0,0
"1056",0,1,0,0,2,0,1,2,0,2,2
"1057",0,1,0,0,2,0,1,2,0,2,2
"1058",0,1,1,1,1,1,1,1,1,1,0
"1059",0,2,0,0,2,0,1,1,0,2,2
"1060",0,2,0,0,2,0,1,1,0,3,3
"1061",0,1,0,0,1,0,1,1,0,2,2
"1062",0,2,0,0,2,0,2,2,0,3,3
"1063",0,1,0,0,1,0,0,1,0,1,1
"1064",0,0,0,0,0,0,0,0,0,0,0
"1065",0,0,0,0,0,0,0,0,0,0,0
"1066",0,2,0,0,2,0,1,2,0,2,2
"1067",0,0,0,0,0,0,0,0,0,1,1
"1068",0,0,0,0,0,1,0,0,1,0,-1
"1069",0,0,0,0,0,0,0,0,0,0,0
"1070",0,0,0,0,0,0,0,0,0,0,0
"1071",0,0,0,0,0,0,0,0,0,0,0
"1072",0,0,0,0,0,0,0,0,0,0,0
"1073",0,0,0,0,0,0,0,0,0,0,0
"1074",0,1,0,1,1,1,0,0,1,1,0
"1075",0,0,0,0,1,0,0,0,0,1,1
"1076",0,0,0,0,0,0,0,0,0,0,0
"1077",0,0,0,0,0,0,0,0,0,0,0
"1078",0,0,0,0,0,0,0,0,0,0,0
"1079",0,0,0,0,0,0,0,0,0,0,0
"1080",0,0,0,0,1,0,0,0,0,1,1
"1081",0,0,0,0,0,0,0,1,0,0,0
"1082",0,3,0,0,4,0,2,2,0,4,4
"1083",0,0,0,0,0,0,0,1,0,1,1
"1084",0,1,0,0,1,0,0,1,0,1,1
"1085",0,0,2,0,0,0,0,0,1,1,0
"1086",1,0,0,1,0,1,1,0,1,0,-1
"1087",0,0,0,0,0,0,0,0,0,0,0
"1088",0,0,0,0,1,0,0,1,0,4,4
"1089",0,0,0,0,0,0,0,0,0,0,0
"1090",0,1,0,0,2,0,1,2,0,3,3
"1091",0,0,0,0,0,0,0,0,0,0,0
"1092",0,1,0,0,2,0,1,1,0,2,2
"1093",0,0,0,0,0,0,0,0,0,2,2
"1094",0,1,0,0,1,1,1,2,0,2,2
"1095",0,0,0,0,1,0,0,0,0,1,1
"1096",0,0,0,0,0,0,0,1,0,1,1
"1097",0,0,0,0,0,0,0,0,0,0,0
"1098",0,1,0,0,1,0,1,1,0,1,1
"1099",0,0,0,0,0,0,0,0,0,0,0
"1100",1,1,0,0,1,0,1,1,1,1,0
"1101",0,1,0,0,1,0,1,1,0,2,2
"1102",0,0,0,0,0,0,0,0,0,0,0
"1103",0,1,0,0,1,0,1,1,0,1,1
"1104",0,0,0,0,0,0,0,0,0,1,1
"1105",0,0,0,0,0,0,0,0,0,0,0
"1106",0,0,0,1,0,1,0,0,1,0,-1
"1107",0,1,0,0,0,0,0,0,0,0,0
"1108",0,0,0,0,1,0,1,1,0,2,2
"1109",0,0,0,0,0,0,0,0,0,2,2
"1110",0,3,0,0,1,0,1,1,0,2,2
"1111",0,1,0,0,1,0,1,1,0,1,1
"1112",0,0,0,0,0,0,0,0,0,0,0
"1113",0,0,0,0,0,0,0,0,0,0,0
"1114",1,1,0,1,1,0,1,1,1,1,0
"1115",0,0,0,0,0,0,0,0,0,0,0
"1116",0,0,0,0,0,0,0,0,0,0,0
"1117",0,0,0,0,0,0,0,0,0,0,0
"1118",0,1,0,0,0,0,0,1,1,2,1
"1119",0,1,0,0,1,0,1,1,0,1,1
"1120",0,0,0,0,1,0,0,1,0,1,1
"1121",0,0,0,0,0,0,0,0,0,0,0
"1122",0,0,0,0,0,0,0,0,0,1,1
"1123",0,0,0,0,0,0,0,0,0,0,0
"1124",0,0,0,0,0,0,0,0,0,0,0
"1125",0,1,0,0,1,0,1,1,0,1,1
"1126",0,1,0,0,1,0,1,1,0,1,1
"1127",0,0,0,0,0,0,0,0,1,1,0
"1128",0,0,0,0,0,0,0,0,0,0,0
"1129",0,0,0,1,0,0,0,0,0,0,0
"1130",1,0,1,0,0,1,0,0,1,0,-1
"1131",0,0,0,0,0,0,0,1,0,0,0
"1132",0,1,0,0,1,0,1,1,0,1,1
"1133",0,0,0,0,0,0,0,0,0,0,0
"1134",0,0,0,0,1,0,0,0,0,1,1
"1135",1,2,1,1,1,1,1,0,1,1,0
"1136",0,1,0,0,1,0,1,1,1,1,0
"1137",0,0,0,0,0,0,0,0,0,0,0
"1138",0,1,0,0,1,0,1,1,0,1,1
"1139",0,0,0,0,0,0,0,0,0,0,0
"1140",0,2,0,0,1,0,1,1,0,1,1
"1141",0,0,0,0,0,0,0,0,0,0,0
"1142",0,0,0,0,0,0,0,0,0,0,0
"1143",0,0,0,0,0,0,0,0,0,0,0
"1144",0,1,0,0,0,0,0,0,1,1,0
"1145",0,0,0,0,0,0,0,0,0,0,0
"1146",0,0,0,0,0,0,0,0,0,0,0
"1147",0,0,0,0,0,0,0,0,0,0,0
"1148",0,0,0,0,0,0,0,0,0,0,0
"1149",0,0,0,0,0,0,0,0,0,0,0
"1150",0,1,0,0,1,0,1,1,0,1,1
"1151",0,1,0,0,1,1,1,1,0,1,1
"1152",0,2,0,0,2,0,0,1,0,2,2
"1153",0,0,0,0,0,0,0,0,0,1,1
"1154",0,0,0,0,0,0,0,0,0,0,0
"1155",0,0,0,0,0,0,0,0,0,1,1
"1156",0,0,0,0,0,0,0,0,0,1,1
"1157",0,0,0,0,0,0,0,0,0,0,0
"1158",1,0,1,1,0,1,0,0,1,0,-1
"1159",0,1,0,0,1,0,1,1,0,1,1
"1160",0,1,0,0,0,0,0,0,2,1,-1
"1161",0,0,0,0,0,0,0,0,0,0,0
"1162",0,0,0,0,2,0,0,1,0,2,2
"1163",0,1,0,0,1,0,1,1,0,1,1
"1164",0,1,0,0,1,0,1,1,0,2,2
"1165",0,1,0,0,1,0,0,1,0,2,2
"1166",0,1,0,0,1,0,1,1,0,1,1
"1167",0,1,0,0,1,0,1,1,1,1,0
"1168",1,4,1,1,4,1,3,5,1,6,5
"1169",0,0,0,0,0,0,0,0,0,0,0
"1170",0,0,0,0,0,0,0,0,0,0,0
"1171",0,0,0,0,0,0,0,0,0,1,1
"1172",0,1,0,0,1,0,1,1,0,1,1
"1173",0,0,0,0,0,0,0,1,1,1,0
"1174",0,1,0,0,1,0,1,1,0,1,1
"1175",0,1,0,1,1,0,1,1,0,1,1
"1176",0,1,0,0,1,0,1,1,0,1,1
"1177",0,0,0,0,0,0,0,0,0,0,0
"1178",1,0,1,0,0,1,0,0,1,1,0
"1179",0,1,0,0,1,0,1,1,0,1,1
"1180",0,1,0,0,1,0,1,1,0,2,2
"1181",0,1,0,0,4,0,1,2,0,6,6
"1182",0,0,0,0,0,0,0,0,0,0,0
"1183",0,0,0,0,0,0,0,0,0,0,0
"1184",0,0,0,0,0,0,0,0,0,0,0
"1185",0,0,0,0,0,0,0,0,0,0,0
"1186",0,0,0,0,1,0,0,0,0,1,1
"1187",0,0,0,0,0,0,0,0,0,0,0
"1188",0,0,0,0,0,0,0,1,0,0,0
"1189",0,0,0,0,1,0,0,1,0,1,1
"1190",0,0,0,0,0,0,0,0,0,0,0
"1191",0,0,0,0,0,1,0,0,1,0,-1
"1192",0,2,0,0,1,0,1,1,0,1,1
"1193",0,0,0,0,0,0,0,0,0,0,0
"1194",0,0,0,0,1,0,0,1,0,1,1
"1195",0,0,0,0,2,0,0,1,0,2,2
"1196",0,0,0,1,0,0,0,0,0,0,0
"1197",0,0,0,0,0,0,0,0,0,0,0
"1198",0,0,0,0,0,0,0,0,0,0,0
"1199",0,1,0,0,1,0,1,1,0,1,1
"1200",0,0,0,0,0,0,0,0,0,0,0
"1201",0,1,0,0,1,0,1,1,0,1,1
"1202",0,1,0,0,1,0,0,1,0,3,3
"1203",0,0,0,0,1,0,0,2,2,3,1
"1204",0,0,0,0,0,0,0,0,0,0,0
"1205",0,0,0,0,0,0,0,1,0,0,0
"1206",0,1,0,0,1,0,1,1,0,1,1
"1207",0,0,0,0,0,0,0,1,0,1,1
"1208",0,0,0,0,1,0,1,1,0,1,1
"1209",0,0,0,0,0,0,0,0,0,0,0
"1210",0,0,0,1,2,0,0,1,0,2,2
"1211",0,0,0,0,1,0,0,0,0,1,1
"1212",0,0,0,0,1,0,0,0,0,1,1
"1213",0,0,0,0,0,0,0,0,1,1,0
"1214",0,0,0,0,0,0,0,0,0,0,0
"1215",0,0,0,0,0,0,0,0,0,0,0
"1216",0,1,0,0,1,0,1,2,0,2,2
"1217",0,1,0,0,1,0,1,1,0,1,1
"1218",0,0,0,0,0,0,0,0,0,0,0
"1219",0,0,0,0,2,0,0,1,1,2,1
"1220",0,1,0,0,1,0,0,2,0,2,2
"1221",0,0,0,0,0,0,0,0,0,0,0
"1222",0,1,0,0,1,0,1,1,0,1,1
"1223",0,0,1,0,0,0,0,1,1,1,0
"1224",0,1,0,0,1,0,1,1,0,1,1
"1225",0,0,0,0,0,0,0,0,0,0,0
"1226",0,0,0,0,0,0,0,0,0,0,0
"1227",0,3,0,0,4,0,1,3,1,4,3
"1228",0,1,0,0,1,0,1,1,1,1,0
"1229",1,0,1,0,0,0,0,0,1,1,0
"1230",0,2,0,0,1,0,1,1,0,2,2
"1231",0,0,0,0,0,0,0,1,0,1,1
"1232",0,0,0,0,1,0,1,0,0,1,1
"1233",0,0,0,0,0,0,0,0,0,0,0
"1234",0,0,0,0,0,0,0,0,0,1,1
"1235",0,0,0,0,0,0,0,0,0,0,0
"1236",0,0,0,0,1,0,1,2,0,2,2
"1237",0,0,0,0,0,0,0,0,0,1,1
"1238",0,0,0,0,0,0,0,0,0,0,0
"1239",0,0,0,0,0,0,0,0,0,0,0
"1240",0,0,0,0,0,0,0,0,0,0,0
"1241",0,0,0,0,1,0,0,0,0,1,1
"1242",0,0,0,0,0,0,0,0,0,0,0
"1243",0,1,0,0,1,0,1,1,0,1,1
"1244",0,0,0,0,0,0,0,1,0,1,1
"1245",0,0,0,0,0,0,0,0,0,1,1
"1246",0,0,0,0,0,0,0,0,0,1,1
"1247",0,0,0,0,0,0,0,0,1,0,-1
"1248",0,0,0,0,1,0,0,1,0,1,1
"1249",0,0,0,0,0,0,0,0,0,0,0
"1250",0,1,0,0,1,0,1,1,0,1,1
"1251",0,1,0,0,1,0,1,1,0,2,2
"1252",0,1,0,0,1,0,1,1,0,1,1
"1253",0,0,0,0,0,0,0,0,0,0,0
"1254",0,0,0,0,0,0,0,0,0,0,0
"1255",0,0,0,0,0,0,0,0,0,0,0
"1256",0,0,0,0,1,0,0,2,0,2,2
"1257",0,1,0,0,1,0,1,1,0,2,2
"1258",1,1,0,0,1,0,1,1,0,1,1
"1259",0,0,0,0,0,0,0,0,0,0,0
"1260",0,3,2,0,3,1,2,1,2,3,1
"1261",0,1,0,0,1,0,1,2,0,1,1
"1262",0,0,0,0,0,0,0,0,0,0,0
"1263",0,1,0,0,1,0,0,1,0,1,1
"1264",0,1,0,0,1,0,0,1,0,4,4
"1265",0,0,0,0,1,0,0,0,0,1,1
"1266",0,1,0,0,1,0,1,1,0,1,1
"1267",0,1,0,0,1,0,1,1,0,1,1
"1268",0,1,0,0,1,0,1,1,0,1,1
"1269",1,1,1,0,1,1,1,1,1,1,0
"1270",0,0,0,0,0,0,0,1,0,0,0
"1271",0,2,0,0,2,0,1,2,0,3,3
"1272",0,0,0,0,0,0,0,0,0,0,0
"1273",0,0,0,0,1,0,0,1,0,1,1
"1274",0,0,0,0,0,0,0,0,0,0,0
"1275",0,1,0,0,0,0,0,0,0,0,0
"1276",0,0,0,0,0,0,0,0,0,1,1
"1277",0,1,0,0,1,0,1,1,0,1,1
"1278",0,1,0,0,1,0,1,1,0,1,1
"1279",0,0,0,0,0,0,0,0,0,1,1
"1280",0,1,0,0,1,0,1,1,0,1,1
"1281",0,0,0,0,0,0,0,0,0,0,0
"1282",0,0,0,0,0,0,0,0,0,0,0
"1283",0,0,0,0,0,0,0,0,0,0,0
"1284",0,0,0,0,0,0,0,0,0,0,0
"1285",0,0,0,0,1,0,1,1,0,1,1
"1286",0,0,0,0,0,0,0,0,0,0,0
"1287",0,0,0,0,0,0,0,0,0,0,0
"1288",0,0,0,0,0,0,0,0,0,0,0
"1289",0,1,0,0,1,0,1,1,0,1,1
"1290",0,1,0,0,1,0,1,1,0,1,1
"1291",0,0,0,0,0,0,0,0,0,0,0
"1292",0,0,0,0,0,0,0,0,0,0,0
"1293",0,0,0,0,0,0,0,0,0,0,0
"1294",0,1,0,0,1,0,1,1,0,1,1
"1295",0,1,0,0,1,0,1,1,0,1,1
"1296",0,0,0,0,0,0,0,0,0,0,0
"1297",0,1,0,0,1,0,0,1,1,2,1
"1298",0,2,0,0,2,0,2,3,1,2,1
"1299",0,1,0,0,2,0,1,2,0,3,3
"1300",0,0,0,0,0,0,0,0,0,0,0
"1301",0,0,0,0,0,0,0,0,0,0,0
"1302",0,0,0,0,0,0,0,0,0,0,0
"1303",0,1,0,0,1,0,1,1,0,1,1
"1304",0,1,0,0,1,0,1,1,0,1,1
"1305",0,0,0,0,0,0,0,0,0,0,0
"1306",0,0,0,0,0,0,0,0,0,0,0
"1307",0,0,0,0,0,0,0,0,0,0,0
"1308",0,0,0,0,1,0,0,0,0,2,2
"1309",0,0,0,0,0,0,0,0,0,0,0
"1310",0,0,0,0,0,0,0,0,0,0,0
"1311",0,0,0,0,1,0,0,1,0,1,1
"1312",0,1,0,0,1,0,1,1,0,1,1
"1313",0,0,0,0,0,0,0,0,0,0,0
"1314",0,0,0,0,1,0,0,1,0,1,1
"1315",0,0,0,0,0,0,0,1,0,1,1
"1316",0,1,0,0,1,0,1,1,0,1,1
"1317",0,1,0,0,1,0,1,1,0,1,1
"1318",0,0,0,0,0,0,0,0,0,0,0
"1319",0,2,0,0,1,0,0,1,0,3,3
"1320",0,0,0,0,0,0,0,0,0,0,0
"1321",0,0,0,0,0,0,0,0,0,2,2
"1322",0,1,0,0,1,0,1,1,0,1,1
"1323",0,0,0,0,0,0,0,0,0,0,0
"1324",0,0,0,0,0,0,0,0,0,1,1
"1325",0,0,0,0,1,0,0,1,0,2,2
"1326",0,0,0,0,0,0,0,0,0,0,0
"1327",0,2,0,0,1,0,1,1,0,2,2
"1328",0,0,0,0,0,0,0,0,0,0,0
"1329",0,0,0,0,0,0,0,0,0,0,0
"1330",0,1,1,0,0,0,0,0,1,0,-1
"1331",0,0,1,0,1,0,0,2,1,1,0
"1332",0,0,0,0,0,0,0,0,1,0,-1
"1333",0,0,0,0,0,0,0,0,0,0,0
"1334",0,1,0,0,1,0,1,1,0,1,1
"1335",0,0,0,0,0,0,0,0,0,0,0
"1336",0,0,0,0,0,0,0,0,0,0,0
"1337",0,0,0,0,0,0,0,0,0,0,0
"1338",0,0,0,0,0,0,0,0,0,1,1
"1339",0,1,0,0,1,0,1,1,0,1,1
"1340",0,0,0,0,0,0,0,0,0,0,0
"1341",0,1,0,0,1,0,1,1,0,1,1
"1342",0,2,0,0,2,0,2,2,0,2,2
"1343",0,1,0,0,1,0,1,1,0,1,1
"1344",0,0,0,0,0,0,0,0,0,0,0
"1345",0,1,0,0,1,0,1,1,0,2,2
"1346",0,2,0,0,2,1,1,3,0,3,3
"1347",0,0,0,0,2,0,0,1,0,2,2
"1348",0,0,0,0,0,0,0,0,0,0,0
"1349",0,0,0,0,0,0,0,0,0,0,0
"1350",0,0,0,0,0,0,0,0,0,0,0
"1351",0,0,0,0,1,0,0,0,0,2,2
"1352",1,1,0,0,1,0,1,1,0,2,2
"1353",0,1,0,0,1,0,0,1,0,2,2
"1354",0,0,0,0,0,0,0,0,0,0,0
"1355",0,0,0,0,0,0,0,0,0,0,0
"1356",0,0,0,0,0,0,0,0,0,2,2
"1357",0,0,0,0,0,0,0,0,0,0,0
"1358",0,1,0,0,1,0,1,1,0,1,1
"1359",0,0,0,0,0,0,0,0,0,0,0
"1360",0,0,0,0,0,1,0,0,1,0,-1
"1361",0,0,0,0,0,0,0,0,0,0,0
"1362",0,0,0,0,0,0,0,1,0,1,1
"1363",0,0,0,0,1,0,0,0,0,1,1
"1364",0,1,0,0,1,0,1,1,0,1,1
"1365",0,0,0,0,0,0,0,0,0,0,0
"1366",0,0,0,0,0,0,0,0,0,0,0
"1367",0,0,0,0,0,0,0,0,0,0,0
"1368",0,0,0,0,0,0,0,0,0,2,2
"1369",0,0,0,0,1,0,0,0,0,2,2
"1370",0,0,0,0,0,0,0,0,0,0,0
"1371",0,0,0,0,0,0,0,0,0,0,0
"1372",0,0,0,0,1,0,1,1,0,1,1
"1373",0,2,0,0,1,0,1,1,0,2,2
"1374",0,1,0,0,1,0,1,1,0,3,3
"1375",0,0,0,0,0,0,0,0,0,0,0
"1376",0,0,0,0,0,0,0,0,0,0,0
"1377",0,0,0,0,2,0,0,1,0,2,2
"1378",0,0,0,0,0,0,0,1,0,1,1
"1379",0,0,0,0,0,0,0,0,0,0,0
"1380",0,1,0,0,1,0,1,1,0,1,1
"1381",0,0,0,0,0,0,0,0,0,0,0
"1382",0,1,0,0,0,0,0,0,1,1,0
"1383",0,0,0,0,0,0,0,0,0,0,0
"1384",0,0,0,0,0,0,0,0,0,0,0
"1385",0,1,0,0,1,0,0,1,0,1,1
"1386",0,1,0,0,1,0,1,1,0,1,1
"1387",0,0,0,0,0,0,0,0,0,0,0
"1388",0,1,0,0,1,0,1,1,0,1,1
"1389",0,0,0,0,0,0,0,0,0,0,0
"1390",0,0,0,0,0,0,0,0,0,1,1
"1391",0,0,0,0,0,0,0,0,0,0,0
"1392",0,0,0,0,0,0,0,0,0,0,0
"1393",0,0,0,0,0,0,0,0,0,0,0
"1394",0,0,0,0,0,0,0,0,0,0,0
"1395",0,0,0,0,1,0,0,1,0,1,1
"1396",0,1,0,0,1,0,1,1,0,1,1
"1397",0,0,0,0,0,0,0,0,0,0,0
"1398",0,1,0,0,1,0,1,2,0,1,1
"1399",0,0,0,0,0,0,0,0,0,0,0
"1400",0,0,0,0,0,0,0,0,0,2,2
"1401",0,0,0,0,1,0,0,0,0,1,1
"1402",0,0,0,0,0,0,0,0,0,0,0
"1403",0,0,0,0,0,0,0,0,0,0,0
"1404",0,0,0,0,0,0,0,0,0,0,0
"1405",0,1,0,0,1,0,1,1,0,1,1
"1406",1,1,1,0,1,1,0,1,1,1,0
"1407",0,1,0,0,1,1,1,1,0,1,1
"1408",0,0,0,0,1,0,0,1,0,1,1
"1409",0,0,0,0,0,1,0,0,1,0,-1
"1410",0,0,0,0,0,0,0,0,0,0,0
"1411",0,0,0,0,0,0,0,0,0,2,2
"1412",0,0,0,0,0,0,0,0,0,0,0
"1413",0,0,0,0,0,0,0,0,0,0,0
"1414",0,0,0,0,0,0,0,0,0,0,0
"1415",0,0,0,0,0,0,0,0,0,0,0
"1416",0,0,0,0,0,0,0,1,0,1,1
"1417",0,1,0,0,1,0,1,1,0,1,1
"1418",0,0,0,0,0,0,0,0,0,0,0
"1419",0,0,0,0,0,0,0,0,0,0,0
"1420",0,1,1,1,1,1,0,1,2,1,-1
"1421",0,0,0,0,0,0,0,0,0,1,1
"1422",0,0,0,0,0,0,0,0,0,0,0
"1423",0,1,0,0,1,0,1,1,0,1,1
"1424",0,0,0,0,0,0,0,0,0,0,0
"1425",0,0,0,0,0,0,0,0,0,0,0
"1426",0,0,1,0,0,1,0,0,3,0,-3
"1427",0,1,0,0,2,0,1,2,0,2,2
"1428",0,1,0,0,1,0,1,1,0,1,1
"1429",0,0,0,0,0,0,0,0,0,0,0
"1430",0,1,0,0,1,0,1,1,0,1,1
"1431",0,0,0,0,0,0,0,0,0,0,0
"1432",0,0,0,0,0,0,0,0,0,0,0
"1433",0,0,0,0,0,0,0,0,0,0,0
"1434",0,1,0,0,1,0,1,2,0,2,2
"1435",0,0,0,0,0,0,0,1,0,2,2
"1436",0,1,0,0,1,0,1,1,0,1,1
"1437",0,0,0,0,0,0,0,0,0,0,0
"1438",0,0,0,0,0,0,0,0,0,0,0
"1439",0,0,0,0,0,0,0,0,0,0,0
"1440",0,1,0,0,1,0,1,1,0,1,1
"1441",0,0,0,0,0,0,0,0,0,0,0
"1442",0,0,0,0,0,0,0,1,0,0,0
"1443",0,0,0,0,0,0,0,0,0,0,0
"1444",0,0,0,0,0,0,0,1,0,1,1
"1445",0,1,0,0,1,0,1,1,0,2,2
"1446",0,0,0,0,1,0,0,1,0,1,1
"1447",0,1,0,0,1,0,1,1,0,1,1
"1448",0,0,0,0,0,0,0,0,0,0,0
"1449",0,0,0,0,0,0,0,1,1,1,0
"1450",0,0,0,0,0,0,0,0,0,0,0
"1451",0,0,0,0,0,0,0,0,0,0,0
"1452",0,0,0,0,0,0,0,0,0,0,0
"1453",0,1,0,0,1,0,1,1,0,1,1
"1454",0,1,0,0,0,0,0,0,0,0,0
"1455",1,1,1,0,1,0,1,1,1,2,1
"1456",1,0,0,0,0,1,0,0,1,0,-1
"1457",0,0,0,0,0,0,0,1,0,1,1
"1458",0,0,0,0,0,0,0,0,0,0,0
"1459",0,0,0,0,0,0,0,0,0,0,0
"1460",0,0,0,0,0,0,0,0,0,0,0
"1461",0,0,0,0,0,0,0,0,0,0,0
"1462",0,1,0,0,1,0,1,1,0,1,1
"1463",0,0,0,0,0,0,0,0,0,0,0
"1464",0,0,0,0,0,0,0,0,0,0,0
"1465",0,0,0,0,0,0,0,0,0,0,0
"1466",0,1,0,0,1,0,1,1,0,1,1
"1467",0,1,0,0,1,0,1,1,0,1,1
"1468",0,0,0,0,0,0,0,0,0,0,0
"1469",0,0,0,0,0,0,0,0,0,0,0
"1470",0,0,0,0,0,0,0,0,0,0,0
"1471",0,0,0,0,0,0,0,0,0,0,0
"1472",0,0,0,0,0,0,0,0,0,0,0
"1473",0,0,0,0,0,0,0,0,0,0,0
"1474",0,1,0,0,1,0,1,1,0,1,1
"1475",0,0,0,0,0,0,0,0,0,0,0
"1476",0,0,0,0,0,0,0,0,1,0,-1
"1477",0,0,0,0,0,0,0,0,0,0,0
"1478",0,0,0,0,0,0,0,1,0,1,1
"1479",0,0,0,0,0,0,0,0,0,0,0
"1480",0,1,0,0,1,0,1,1,0,1,1
"1481",0,1,0,0,1,0,1,1,0,1,1
"1482",0,1,0,0,1,0,1,1,0,1,1
"1483",0,0,0,0,0,0,0,0,0,0,0
"1484",0,0,0,0,0,0,0,0,0,0,0
"1485",0,0,0,0,0,0,1,0,0,1,1
"1486",0,0,0,0,0,0,0,0,0,0,0
"1487",1,0,1,1,0,1,0,0,1,0,-1
"1488",0,1,0,0,1,0,1,1,0,1,1
"1489",0,0,0,0,0,0,0,0,0,0,0
"1490",0,0,0,0,1,0,1,1,0,1,1
"1491",0,0,0,0,0,0,0,0,0,0,0
"1492",0,1,0,0,1,1,1,1,0,1,1
"1493",0,1,0,0,1,0,1,1,0,1,1
"1494",0,0,0,0,0,0,0,0,0,0,0
"1495",0,1,0,0,2,0,1,2,0,2,2
"1496",0,0,0,0,0,0,0,0,0,0,0
"1497",0,0,0,0,0,0,0,0,0,0,0
"1498",0,0,0,0,0,0,0,0,0,0,0
"1499",0,0,0,0,0,0,0,0,1,0,-1
"1500",0,0,0,0,0,0,0,0,0,0,0
"1501",0,0,0,0,0,0,0,0,0,0,0
"1502",0,1,0,0,1,0,1,1,0,1,1
"1503",0,2,0,0,1,1,1,0,0,2,2
"1504",0,0,1,0,0,0,0,0,1,0,-1
"1505",0,0,0,0,0,0,0,0,0,0,0
"1506",0,2,0,0,1,0,1,1,0,2,2
"1507",0,0,0,0,0,0,0,0,0,0,0
"1508",0,0,0,0,0,0,0,0,0,0,0
"1509",0,1,0,0,1,0,1,1,0,1,1
"1510",0,1,0,0,1,0,1,1,0,1,1
"1511",0,0,0,0,0,0,0,0,0,0,0
"1512",0,0,0,0,0,0,0,0,0,0,0
"1513",0,0,0,0,0,0,0,0,0,0,0
"1514",0,0,0,0,0,0,0,0,0,0,0
"1515",0,1,0,0,1,0,0,1,0,1,1
"1516",0,0,0,0,0,0,0,0,0,1,1
"1517",0,0,0,0,0,0,0,0,0,0,0
"1518",0,0,0,0,1,0,0,1,1,2,1
"1519",0,1,0,0,1,0,1,1,0,1,1
"1520",0,0,0,0,0,0,0,0,0,0,0
"1521",0,0,0,0,1,0,0,0,0,1,1
"1522",0,0,0,0,1,0,1,1,0,1,1
"1523",0,2,1,0,1,0,1,1,1,1,0
"1524",0,0,0,0,0,0,0,0,0,0,0
"1525",0,0,0,0,0,0,0,0,0,0,0
"1526",0,0,0,0,0,0,0,0,0,0,0
"1527",0,0,0,0,0,0,0,0,0,0,0
"1528",0,0,0,0,0,0,0,0,0,0,0
"1529",0,0,0,0,0,0,0,0,0,0,0
"1530",0,0,0,0,0,0,0,0,0,0,0
"1531",0,0,0,0,0,0,0,0,0,0,0
"1532",0,0,0,0,0,0,0,0,0,0,0
"1533",0,0,0,0,0,0,0,0,0,0,0
"1534",0,0,0,0,0,0,0,0,0,0,0
"1535",0,0,0,0,0,0,0,0,0,0,0
"1536",0,0,0,0,0,0,0,0,0,0,0
"1537",0,0,0,0,0,0,0,0,0,0,0
"1538",0,1,0,0,1,0,1,1,0,1,1
"1539",0,1,0,0,1,0,1,2,0,1,1
"1540",0,0,0,0,0,0,0,0,0,1,1
"1541",0,0,0,0,0,1,0,1,1,0,-1
"1542",0,0,0,0,0,0,0,0,0,0,0
"1543",0,1,0,0,0,0,0,0,0,0,0
"1544",0,1,0,0,1,0,1,1,0,1,1
"1545",0,0,0,0,0,0,0,0,0,0,0
"1546",0,0,0,0,0,0,0,0,0,0,0
"1547",0,0,0,0,0,0,0,0,0,0,0
"1548",0,0,0,0,0,0,0,0,0,0,0
"1549",0,0,0,0,2,0,0,1,0,2,2
"1550",0,0,0,0,0,0,0,0,0,0,0
"1551",0,0,0,0,1,0,0,0,0,1,1
"1552",0,0,0,0,0,0,0,0,0,1,1
"1553",0,0,0,0,0,0,0,2,0,0,0
"1554",0,0,0,0,0,0,0,1,0,1,1
"1555",0,0,0,0,0,0,0,0,0,0,0
"1556",0,0,0,0,0,0,0,0,0,0,0
"1557",0,0,0,0,0,0,0,0,0,0,0
"1558",0,0,0,0,0,0,0,0,0,0,0
"1559",0,0,0,0,0,0,0,0,0,0,0
"1560",0,0,0,0,0,0,0,0,0,0,0
"1561",0,0,0,0,1,0,0,1,0,1,1
"1562",1,0,1,1,0,1,0,1,1,0,-1
"1563",0,1,0,0,1,0,1,1,0,1,1
"1564",0,0,0,0,0,0,0,0,0,0,0
"1565",0,0,0,0,2,0,0,2,0,2,2
"1566",0,1,0,0,1,0,1,1,0,1,1
"1567",0,0,0,0,0,0,0,0,0,0,0
"1568",0,1,0,0,1,0,1,1,0,1,1
"1569",0,0,0,0,0,0,0,0,0,0,0
"1570",0,0,0,0,0,0,0,0,0,0,0
"1571",0,0,0,0,0,0,0,0,0,0,0
"1572",0,0,0,0,0,0,0,0,0,0,0
"1573",0,0,0,0,0,0,0,0,0,0,0
"1574",0,0,0,0,0,0,0,0,0,0,0
"1575",0,0,0,0,0,0,0,1,0,1,1
"1576",0,0,0,0,0,0,0,0,0,0,0
"1577",0,0,0,0,0,0,0,0,0,0,0
"1578",0,0,0,0,0,0,0,4,0,4,4
"1579",1,5,1,2,4,2,2,5,2,8,6
"1580",0,2,0,0,6,0,2,4,1,9,8
"1581",1,3,1,2,2,2,1,6,3,10,7
"1582",0,4,0,0,5,0,2,4,1,7,6
"1583",1,12,1,4,9,3,5,12,4,24,20
"1584",2,9,2,3,10,4,5,11,6,23,17
"1585",2,7,0,1,6,0,1,4,2,9,7
"1586",1,1,0,1,2,0,0,4,1,5,4
"1587",2,8,1,2,13,1,5,13,4,27,23
"1588",4,1,2,4,1,5,3,4,7,3,-4
"1589",0,5,0,1,2,0,0,4,0,5,5
"1590",2,9,1,2,9,0,2,6,1,13,12
"1591",2,4,1,2,4,1,2,3,2,7,5
"1592",3,4,2,3,5,3,1,8,4,9,5
"1593",0,9,1,1,8,0,3,11,2,19,17
"1594",0,8,0,0,6,0,2,9,1,10,9
"1595",3,15,3,3,15,5,6,14,4,26,22
"1596",0,3,0,0,6,0,1,4,1,7,6
"1597",2,1,0,1,1,1,1,2,3,5,2
"1598",0,4,0,0,2,0,1,5,1,8,7
"1599",2,6,3,1,3,3,0,3,3,6,3
"1600",0,0,0,0,1,0,0,2,0,4,4
"1601",1,2,1,0,1,1,1,1,1,4,3
"1602",0,2,0,0,2,0,3,5,1,9,8
"1603",1,3,0,2,1,1,2,2,4,3,-1
"1604",0,0,0,1,0,1,0,1,1,1,0
"1605",1,1,1,0,1,1,0,1,1,3,2
"1606",3,1,3,2,0,3,0,1,3,2,-1
"1607",1,0,1,0,3,0,0,2,2,8,6
"1608",0,1,0,1,0,1,0,0,1,2,1
"1609",0,2,0,1,0,0,0,0,1,2,1
"1610",0,1,0,0,2,0,1,2,0,5,5
"1611",0,6,0,0,7,1,3,7,1,10,9
"1612",1,0,0,0,3,0,0,5,3,8,5
"1613",0,5,0,1,5,1,1,4,1,7,6
"1614",0,1,0,0,2,0,1,3,1,4,3
"1615",0,4,0,1,4,0,1,5,1,7,6
"1616",1,3,1,1,3,1,1,4,0,6,6
"1617",0,5,0,1,7,1,2,5,0,10,10
"1618",0,0,0,0,1,0,0,3,0,6,6
"1619",1,1,0,1,0,0,0,1,1,0,-1
"1620",0,1,0,0,2,0,0,2,0,2,2
"1621",0,2,0,2,2,1,2,3,2,3,1
"1622",0,4,0,0,3,0,0,4,1,4,3
"1623",3,5,2,3,5,3,3,6,4,12,8
"1624",0,0,0,0,0,0,0,1,0,2,2
"1625",0,1,0,0,1,0,0,1,0,4,4
"1626",0,1,0,0,1,0,0,3,1,3,2
"1627",0,0,0,0,0,0,0,1,1,2,1
"1628",0,1,0,0,1,0,1,1,1,1,0
"1629",0,1,0,0,1,0,0,2,0,2,2
"1630",0,1,0,0,0,0,0,1,0,3,3
"1631",0,1,0,0,2,0,0,1,0,4,4
"1632",0,0,0,1,1,0,1,2,1,5,4
"1633",0,2,0,0,2,0,2,3,1,4,3
"1634",1,3,0,0,4,0,3,5,0,5,5
"1635",0,0,0,0,0,0,0,0,0,1,1
"1636",0,1,1,1,1,2,1,1,2,3,1
"1637",0,3,0,0,1,0,0,1,0,1,1
"1638",1,2,0,0,2,0,2,2,0,4,4
"1639",0,2,0,0,2,0,1,2,0,4,4
"1640",0,0,0,0,0,0,0,0,0,2,2
"1641",0,3,0,0,2,0,1,2,0,6,6
"1642",0,1,0,0,3,0,1,4,0,7,7
"1643",0,0,0,0,1,0,0,3,0,5,5
"1644",1,0,0,0,1,0,0,1,1,2,1
"1645",0,0,0,0,0,0,0,1,0,0,0
"1646",0,1,0,1,1,0,1,1,0,1,1
"1647",0,0,0,0,0,0,0,1,0,2,2
"1648",0,1,0,0,1,0,1,1,0,2,2
"1649",0,0,0,0,1,0,1,3,0,4,4
"1650",0,0,0,0,1,0,0,0,0,1,1
"1651",1,1,0,0,1,1,1,1,1,1,0
"1652",0,1,0,0,0,0,0,0,1,2,1
"1653",0,1,0,0,1,0,1,1,0,4,4
"1654",0,1,0,0,1,0,1,2,0,4,4
"1655",0,0,0,0,0,0,0,2,0,2,2
"1656",0,3,0,0,6,0,2,6,0,7,7
"1657",0,0,0,0,2,0,0,2,0,3,3
"1658",0,0,0,0,0,0,0,0,0,2,2
"1659",0,0,0,0,1,0,0,0,0,1,1
"1660",0,1,0,0,1,0,1,1,0,3,3
"1661",0,1,0,0,1,0,0,1,1,3,2
"1662",0,1,0,0,1,0,0,1,0,2,2
"1663",0,0,0,0,0,0,0,0,0,0,0
"1664",0,0,0,0,0,0,0,0,1,0,-1
"1665",0,2,0,0,1,0,2,2,0,3,3
"1666",0,1,0,0,2,0,1,2,0,2,2
"1667",1,4,0,0,4,0,3,3,0,5,5
"1668",0,0,0,0,0,0,0,0,0,0,0
"1669",0,0,0,0,1,0,0,2,0,2,2
"1670",0,1,0,0,1,0,0,1,0,2,2
"1671",0,1,0,0,0,0,0,0,1,0,-1
"1672",0,1,0,1,1,0,1,2,1,3,2
"1673",0,2,0,0,1,0,1,1,0,2,2
"1674",1,2,1,2,3,2,2,1,2,3,1
"1675",0,0,0,0,0,0,0,0,0,0,0
"1676",0,4,0,1,2,0,1,1,1,3,2
"1677",0,0,0,0,2,0,0,0,0,3,3
"1678",0,2,1,0,1,0,0,0,1,1,0
"1679",0,0,0,0,1,0,0,1,0,2,2
"1680",0,0,0,0,0,0,0,0,0,1,1
"1681",0,1,0,0,1,0,1,2,0,4,4
"1682",1,1,1,1,0,1,1,1,1,2,1
"1683",0,2,0,0,2,0,1,1,0,2,2
"1684",0,2,0,0,2,0,1,1,0,3,3
"1685",0,1,0,0,1,0,1,1,0,1,1
"1686",0,0,0,0,1,0,0,1,0,3,3
"1687",0,0,0,0,0,0,0,0,0,1,1
"1688",0,3,0,0,3,0,0,1,0,3,3
"1689",0,0,0,0,0,0,0,0,0,2,2
"1690",1,1,1,0,1,1,1,0,1,2,1
"1691",0,0,0,0,0,0,0,0,0,0,0
"1692",0,0,0,0,0,0,0,0,0,0,0
"1693",0,4,0,0,3,0,0,4,0,3,3
"1694",0,2,0,0,1,0,0,2,0,2,2
"1695",0,0,0,0,1,0,0,1,0,1,1
"1696",0,1,0,0,1,0,0,0,0,1,1
"1697",0,1,0,0,1,0,1,1,0,2,2
"1698",2,0,2,1,0,2,0,1,3,1,-2
"1699",0,1,0,0,1,0,1,1,0,2,2
"1700",0,1,0,0,1,0,1,0,0,1,1
"1701",0,0,0,0,0,0,0,1,0,1,1
"1702",0,2,0,0,2,0,0,2,0,2,2
"1703",0,0,0,0,0,0,0,0,0,1,1
"1704",0,0,0,1,0,2,0,0,2,0,-2
"1705",0,2,0,0,1,0,1,0,1,1,0
"1706",0,1,0,0,0,0,0,0,0,0,0
"1707",0,0,0,0,0,0,0,1,0,1,1
"1708",0,1,0,0,0,0,0,1,0,0,0
"1709",0,1,0,0,2,0,1,1,0,3,3
"1710",0,2,0,0,1,0,1,1,0,3,3
"1711",0,1,0,0,0,0,0,0,0,1,1
"1712",0,0,0,0,0,0,0,0,0,1,1
"1713",0,1,0,0,1,0,0,1,0,2,2
"1714",0,2,0,0,2,0,2,3,0,4,4
"1715",0,2,0,0,1,0,0,2,0,2,2
"1716",0,0,0,0,0,0,0,0,0,0,0
"1717",0,2,1,0,1,0,1,1,1,2,1
"1718",0,1,0,0,2,0,1,3,0,2,2
"1719",1,0,1,1,0,1,0,0,2,0,-2
"1720",0,1,0,0,1,0,1,1,0,1,1
"1721",0,1,0,0,1,0,0,1,0,1,1
"1722",0,0,0,0,1,0,0,1,0,2,2
"1723",0,2,0,0,2,0,0,2,0,4,4
"1724",0,1,0,0,1,0,1,0,0,1,1
"1725",0,1,0,0,1,0,1,1,0,2,2
"1726",0,1,0,0,1,0,1,1,0,1,1
"1727",0,0,0,0,0,0,0,0,0,0,0
"1728",0,1,0,0,1,0,1,1,0,2,2
"1729",0,1,0,0,1,0,0,1,0,3,3
"1730",0,0,0,0,0,0,0,0,0,0,0
"1731",1,1,1,0,1,0,1,1,1,2,1
"1732",0,0,0,0,0,0,0,0,0,2,2
"1733",0,0,0,0,1,0,0,1,0,1,1
"1734",0,3,0,0,3,0,1,3,0,4,4
"1735",0,0,0,0,1,0,0,1,0,3,3
"1736",0,0,0,0,0,0,0,0,0,1,1
"1737",0,0,0,0,1,0,0,0,0,1,1
"1738",0,1,0,0,2,0,1,2,0,2,2
"1739",0,0,0,0,0,0,0,0,0,0,0
"1740",0,0,0,0,0,0,0,0,0,1,1
"1741",0,0,0,0,0,0,0,0,0,0,0
"1742",0,0,0,0,1,0,0,0,0,2,2
"1743",0,0,0,0,1,0,0,1,0,2,2
"1744",0,0,0,0,0,0,0,0,0,0,0
"1745",0,1,0,0,1,0,1,0,0,2,2
"1746",0,0,0,0,1,0,0,1,0,1,1
"1747",0,0,0,0,0,0,0,0,0,0,0
"1748",0,1,0,0,0,0,0,0,0,0,0
"1749",0,2,0,0,1,0,1,0,0,1,1
"1750",0,0,0,0,0,0,0,0,0,2,2
"1751",0,0,0,0,0,0,0,0,0,1,1
"1752",0,0,0,0,0,0,0,0,0,0,0
"1753",0,0,0,0,0,0,0,0,0,1,1
"1754",0,0,0,0,0,0,0,0,0,0,0
"1755",0,0,0,0,0,0,0,0,0,1,1
"1756",0,0,0,0,0,0,0,0,0,0,0
"1757",0,0,0,0,0,0,0,0,0,0,0
"1758",0,0,0,0,0,0,0,0,0,0,0
"1759",0,1,0,0,1,0,1,1,0,1,1
"1760",0,0,0,0,0,0,0,0,0,1,1
"1761",0,0,0,0,0,0,0,0,0,0,0
"1762",0,0,0,0,0,0,0,0,0,0,0
"1763",0,0,0,0,1,0,1,1,0,1,1
"1764",0,0,0,0,0,0,0,1,0,1,1
"1765",0,2,0,0,1,0,1,2,0,3,3
"1766",0,4,0,0,4,0,0,3,1,8,7
"1767",1,2,0,1,2,2,1,4,2,2,0
"1768",0,1,0,0,1,0,0,1,1,2,1
"1769",0,4,1,0,4,1,2,3,1,4,3
"1770",0,2,0,1,3,0,1,1,2,5,3
"1771",0,3,0,0,3,0,2,2,0,4,4
"1772",0,0,0,0,0,1,0,0,0,2,2
"1773",1,1,1,0,1,1,2,2,1,3,2
"1774",0,0,0,0,0,0,0,0,0,0,0
"1775",0,0,0,0,1,0,0,0,0,2,2
"1776",0,2,0,0,3,0,1,3,0,3,3
"1777",0,0,0,0,0,0,0,0,0,1,1
"1778",0,0,0,0,1,0,0,0,0,1,1
"1779",0,3,0,0,3,0,1,3,0,6,6
"1780",0,3,0,0,3,0,2,3,0,3,3
"1781",0,0,0,0,0,0,0,1,0,1,1
"1782",0,1,0,0,1,0,1,2,0,1,1
"1783",0,1,0,0,1,0,1,2,0,1,1
"1784",0,1,0,0,1,0,1,2,0,2,2
"1785",0,0,0,0,1,1,0,2,2,2,0
"1786",0,1,0,0,1,0,0,1,0,1,1
"1787",1,0,0,0,2,0,0,1,1,2,1
"1788",0,1,0,0,1,0,1,2,0,1,1
"1789",0,0,0,0,0,0,0,1,0,3,3
"1790",0,2,0,0,1,0,1,1,1,2,1
"1791",0,0,0,0,0,0,0,2,0,3,3
"1792",0,2,0,0,2,1,0,2,1,3,2
"1793",0,0,0,0,0,0,0,1,1,4,3
"1794",0,0,0,0,0,0,0,0,0,0,0
"1795",0,0,0,0,0,0,0,1,0,0,0
"1796",0,1,1,0,1,0,1,1,1,1,0
"1797",0,2,0,0,1,0,0,1,0,1,1
"1798",0,1,0,0,1,1,1,2,0,4,4
"1799",1,1,0,0,1,0,1,1,0,1,1
"1800",0,0,0,0,0,0,0,0,0,0,0
"1801",0,0,0,0,0,0,0,0,0,0,0
"1802",0,0,0,0,0,0,0,1,0,2,2
"1803",0,0,0,0,0,0,0,0,0,0,0
"1804",0,3,0,0,2,0,1,2,1,4,3
"1805",0,0,0,0,0,0,0,1,0,0,0
"1806",0,1,0,0,1,0,1,1,0,1,1
"1807",0,0,0,0,0,0,0,0,0,0,0
"1808",0,0,0,0,0,0,0,0,0,0,0
"1809",0,1,0,0,1,0,1,1,0,1,1
"1810",0,0,0,0,0,0,0,0,0,0,0
"1811",0,0,0,0,1,0,1,1,0,1,1
"1812",0,0,0,0,0,0,0,0,1,0,-1
"1813",0,1,0,0,1,0,1,1,0,3,3
"1814",0,1,0,0,1,0,1,1,0,1,1
"1815",0,0,0,0,0,0,0,0,0,1,1
"1816",0,1,0,0,1,0,1,1,0,1,1
"1817",0,0,0,0,0,0,0,0,0,0,0
"1818",0,3,0,0,2,0,1,3,1,2,1
"1819",0,0,0,0,0,0,0,0,0,1,1
"1820",0,1,0,0,1,0,1,2,0,1,1
"1821",0,1,0,0,1,0,1,2,1,2,1
"1822",0,0,0,0,0,0,0,0,0,0,0
"1823",0,0,0,0,0,0,0,0,0,0,0
"1824",0,3,0,0,3,0,1,2,0,4,4
"1825",0,0,0,0,0,0,0,0,1,0,-1
"1826",0,2,0,0,1,0,1,1,0,2,2
"1827",0,0,0,0,0,0,0,0,0,0,0
"1828",0,1,0,0,1,0,1,1,0,1,1
"1829",0,0,0,0,0,0,0,1,0,0,0
"1830",0,1,0,0,1,0,0,1,0,1,1
"1831",0,1,0,0,1,0,0,1,0,1,1
"1832",0,0,0,0,0,0,0,0,0,0,0
"1833",0,0,0,0,0,0,0,0,0,0,0
"1834",0,1,0,0,1,0,1,1,0,1,1
"1835",0,0,0,0,1,0,1,1,0,1,1
"1836",0,1,1,1,1,1,1,1,1,2,1
"1837",0,0,0,0,0,0,0,0,0,0,0
"1838",0,0,0,0,0,0,0,0,0,0,0
"1839",0,0,0,0,0,0,0,0,0,0,0
"1840",0,0,0,0,0,0,0,0,0,0,0
"1841",0,0,0,0,0,0,0,0,0,0,0
"1842",0,0,0,0,0,0,0,0,0,0,0
"1843",0,0,0,0,0,0,0,0,0,0,0
"1844",0,0,0,0,0,0,0,0,0,0,0
"1845",0,0,0,0,0,0,0,0,0,0,0
"1846",0,0,0,0,0,0,0,0,0,1,1
"1847",0,0,0,0,0,0,0,0,0,0,0
"1848",0,0,0,0,0,0,0,0,0,0,0
"1849",0,0,0,0,0,0,0,0,0,0,0
"1850",0,0,0,0,0,0,0,0,0,0,0
"1851",0,5,0,0,6,0,4,6,1,7,6
"1852",1,2,0,0,1,0,1,2,1,5,4
"1853",2,6,1,2,7,2,4,11,7,26,19
"1854",0,0,0,0,1,0,0,3,0,5,5
"1855",0,1,0,0,0,0,0,0,1,1,0
"1856",0,0,0,0,0,0,0,0,0,0,0
"1857",3,2,1,3,2,3,2,3,9,8,-1
"1858",0,1,0,0,1,0,1,0,0,1,1
"1859",0,1,0,0,1,0,1,1,0,3,3
"1860",0,0,0,0,0,0,0,0,0,0,0
"1861",0,0,0,0,2,0,0,0,0,2,2
"1862",0,0,0,0,0,0,0,0,0,1,1
"1863",0,1,0,0,0,0,0,1,0,0,0
"1864",0,0,0,0,0,0,0,0,0,0,0
"1865",0,2,0,0,2,0,2,2,0,2,2
"1866",1,6,1,1,4,0,2,5,2,12,10
"1867",0,2,0,0,2,0,0,5,0,8,8
"1868",0,2,0,0,2,0,0,2,1,6,5
"1869",0,2,0,0,1,0,0,2,0,7,7
"1870",0,2,0,0,3,1,0,2,1,6,5
"1871",3,11,1,2,11,2,5,13,8,18,10
"1872",2,5,1,0,4,2,3,6,4,11,7
"1873",1,2,1,0,1,2,1,3,3,3,0
"1874",1,4,1,2,3,1,1,3,2,3,1
"1875",0,0,0,0,0,0,0,0,0,3,3
"1876",0,2,1,1,1,0,1,4,1,4,3
"1877",0,0,0,0,3,0,2,2,0,7,7
"1878",0,1,0,0,3,0,2,5,0,5,5
"1879",1,4,1,0,5,1,1,9,7,21,14
"1880",0,0,0,0,1,0,0,1,0,2,2
"1881",0,0,0,0,0,0,0,2,0,0,0
"1882",0,0,0,0,1,0,0,2,0,1,1
"1883",1,0,1,1,0,2,0,1,2,5,3
"1884",0,4,0,0,4,0,2,5,1,10,9
"1885",0,2,0,0,1,0,0,2,0,5,5
"1886",1,6,0,2,6,2,3,9,2,18,16
"1887",2,0,2,0,0,1,0,3,2,4,2
"1888",0,0,0,0,1,0,0,3,0,6,6
"1889",0,0,0,0,0,0,0,1,0,5,5
"1890",0,3,0,0,2,1,2,5,1,6,5
"1891",0,4,0,0,3,0,1,5,0,9,9
"1892",0,1,0,1,4,1,1,8,2,8,6
"1893",0,1,0,0,1,0,0,2,0,5,5
"1894",0,0,0,0,0,0,0,0,0,0,0
"1895",0,1,0,1,2,1,1,1,0,3,3
"1896",0,2,0,0,1,0,0,0,0,2,2
"1897",1,6,0,2,4,0,1,3,2,11,9
"1898",0,1,0,0,0,1,0,0,0,3,3
"1899",0,0,0,0,2,0,0,1,0,2,2
"1900",0,2,0,0,3,0,1,4,0,6,6
"1901",0,4,1,0,3,1,1,2,0,10,10
"1902",0,0,0,1,2,1,0,2,2,4,2
"1903",0,2,0,0,1,1,1,1,2,3,1
"1904",0,3,1,1,2,2,0,10,1,11,10
"1905",0,1,0,1,1,0,0,0,2,1,-1
"1906",0,1,0,1,1,0,0,2,1,4,3
"1907",0,1,0,1,2,1,0,3,1,5,4
"1908",0,0,0,0,2,0,0,4,0,9,9
"1909",0,2,0,0,3,0,0,3,2,7,5
"1910",0,1,0,0,2,0,0,4,0,6,6
"1911",0,1,0,1,2,0,0,2,0,3,3
"1912",0,1,0,0,1,0,0,2,1,7,6
"1913",0,2,0,0,1,0,0,2,1,1,0
"1914",1,2,1,0,1,0,0,2,3,3,0
"1915",1,2,0,0,2,1,1,2,2,7,5
"1916",0,2,0,0,4,1,2,7,7,5,-2
"1917",0,1,0,0,1,1,1,1,0,2,2
"1918",0,1,0,0,0,0,0,2,0,2,2
"1919",0,0,0,0,0,0,0,1,0,2,2
"1920",1,1,1,0,1,0,0,3,3,7,4
"1921",0,2,0,0,3,0,0,2,0,4,4
"1922",0,3,0,1,1,1,0,5,1,4,3
"1923",0,1,0,1,1,0,1,1,0,3,3
"1924",1,0,0,0,0,0,0,2,1,3,2
"1925",1,0,0,1,1,1,1,1,1,1,0
"1926",1,1,1,1,0,1,0,1,2,0,-2
"1927",1,2,1,0,0,0,1,2,1,3,2
"1928",1,3,0,0,3,1,1,3,1,8,7
"1929",0,3,0,0,2,1,2,5,0,6,6
"1930",1,4,0,0,4,0,1,4,1,8,7
"1931",1,2,0,0,2,1,1,1,1,6,5
"1932",0,3,0,0,2,0,2,2,0,4,4
"1933",0,0,0,0,1,0,0,1,0,1,1
"1934",0,2,0,0,2,1,2,2,0,3,3
"1935",0,3,0,0,0,0,0,0,0,1,1
"1936",1,1,0,0,0,0,0,1,1,1,0
"1937",0,2,0,0,2,0,1,1,0,4,4
"1938",0,2,0,0,1,0,0,1,0,3,3
"1939",0,0,0,0,1,1,1,3,1,4,3
"1940",0,2,0,0,2,0,2,2,0,4,4
"1941",0,1,0,0,1,0,0,2,0,5,5
"1942",0,0,0,0,0,0,0,0,0,1,1
"1943",0,1,0,0,1,0,1,1,0,1,1
"1944",0,0,0,0,0,0,0,0,0,1,1
"1945",0,3,0,0,1,0,0,1,0,3,3
"1946",0,1,0,0,1,0,1,1,1,1,0
"1947",0,2,0,2,3,1,2,2,1,4,3
"1948",0,0,0,0,1,0,0,2,0,1,1
"1949",0,0,0,1,0,0,0,1,0,3,3
"1950",0,0,0,0,2,0,0,2,0,4,4
"1951",1,3,1,1,2,2,1,2,1,2,1
"1952",0,1,0,0,1,0,1,3,0,3,3
"1953",0,2,1,0,2,2,2,2,0,4,4
"1954",0,0,0,0,0,0,0,0,0,0,0
"1955",0,2,0,0,1,0,0,1,1,3,2
"1956",0,0,0,0,0,0,0,1,0,1,1
"1957",0,1,0,0,0,0,0,0,0,1,1
"1958",0,1,0,0,0,0,0,1,0,1,1
"1959",0,2,0,0,2,1,1,2,1,2,1
"1960",0,0,0,0,0,0,0,1,0,0,0
"1961",0,1,1,0,2,0,0,2,1,2,1
"1962",0,1,0,0,1,0,0,3,0,4,4
"1963",0,2,0,0,2,0,1,2,0,2,2
"1964",0,0,0,1,1,0,0,1,0,3,3
"1965",0,1,0,0,0,0,0,0,0,0,0
"1966",0,0,0,0,1,0,0,1,0,1,1
"1967",0,1,0,0,1,0,1,1,0,2,2
"1968",0,0,0,0,0,0,0,0,0,0,0
"1969",0,0,0,0,2,0,0,1,0,2,2
"1970",0,1,0,0,0,0,0,1,0,1,1
"1971",0,1,0,0,1,0,1,2,0,3,3
"1972",2,2,2,1,1,0,0,1,2,1,-1
"1973",0,1,0,0,2,1,0,2,1,3,2
"1974",0,0,0,1,2,0,0,2,1,2,1
"1975",0,1,0,0,1,0,0,1,0,4,4
"1976",0,0,0,0,0,0,0,0,1,2,1
"1977",0,0,0,0,0,0,0,0,0,0,0
"1978",0,1,0,1,1,0,1,0,1,1,0
"1979",0,4,0,0,3,1,3,2,0,5,5
"1980",0,2,0,0,2,1,1,2,0,4,4
"1981",0,0,0,0,0,0,0,0,0,0,0
"1982",0,0,0,0,0,0,0,3,0,4,4
"1983",0,0,0,0,0,0,0,0,0,0,0
"1984",0,1,0,0,1,1,1,1,0,1,1
"1985",0,1,0,0,0,0,0,1,1,3,2
"1986",0,0,0,0,0,0,0,0,0,1,1
"1987",0,3,0,0,2,0,1,2,0,3,3
"1988",0,0,0,0,1,0,0,1,0,1,1
"1989",0,1,0,0,2,0,1,4,0,4,4
"1990",0,0,0,0,0,0,0,1,0,2,2
"1991",0,0,0,0,0,0,0,1,0,1,1
"1992",0,3,0,0,3,0,3,1,0,3,3
"1993",0,1,0,0,1,0,1,1,0,2,2
"1994",0,0,0,0,0,0,0,0,0,0,0
"1995",0,0,0,0,0,0,0,0,0,0,0
"1996",0,0,0,0,0,0,0,0,0,0,0
"1997",0,1,0,0,1,0,0,2,0,3,3
"1998",0,1,0,0,2,0,2,2,1,3,2
"1999",1,3,1,2,0,1,0,1,3,2,-1
"2000",0,0,0,0,0,0,0,0,0,1,1
"2001",0,1,0,0,1,0,1,1,0,1,1
"2002",0,0,0,1,0,0,0,0,1,0,-1
"2003",0,0,0,0,1,0,0,2,0,5,5
"2004",0,1,0,0,1,1,1,2,0,4,4
"2005",0,2,0,0,2,0,1,2,0,3,3
"2006",0,2,0,0,2,0,1,2,0,2,2
"2007",0,1,0,0,2,0,1,1,0,2,2
"2008",0,1,0,0,1,0,1,1,0,1,1
"2009",0,2,0,1,2,0,2,1,1,3,2
"2010",0,0,0,0,0,0,0,1,0,0,0
"2011",0,0,0,0,0,0,0,1,0,1,1
"2012",0,1,0,0,1,0,0,2,0,2,2
"2013",0,0,0,0,0,0,0,0,0,2,2
"2014",0,0,0,0,0,0,0,0,0,0,0
"2015",0,0,0,0,0,0,0,0,0,1,1
"2016",0,0,0,0,0,0,0,1,0,1,1
"2017",0,0,0,0,0,0,0,0,0,1,1
"2018",0,0,0,0,0,0,0,0,0,0,0
"2019",0,3,0,0,2,0,0,4,0,5,5
"2020",0,1,0,0,2,0,2,2,1,4,3
"2021",0,1,0,0,0,0,0,0,0,5,5
"2022",0,1,0,0,1,0,1,1,0,2,2
"2023",0,1,0,0,2,0,0,2,0,4,4
"2024",0,3,0,0,3,0,0,3,0,5,5
"2025",0,0,0,0,0,0,0,0,0,1,1
"2026",0,0,0,0,1,0,0,1,0,2,2
"2027",0,2,2,1,3,2,1,2,1,8,7
"2028",0,0,0,0,1,0,0,0,0,1,1
"2029",0,1,0,0,0,0,0,0,0,0,0
"2030",0,2,0,0,2,0,1,3,0,3,3
"2031",0,1,0,0,0,0,0,0,0,0,0
"2032",0,1,0,0,1,1,1,1,0,1,1
"2033",0,0,0,0,1,0,0,0,0,3,3
"2034",0,1,0,0,1,0,0,2,0,2,2
"2035",1,3,0,0,3,0,2,2,1,4,3
"2036",0,0,0,0,0,0,0,0,0,1,1
"2037",0,3,0,0,4,0,2,2,0,4,4
"2038",0,0,0,0,1,0,0,0,0,1,1
"2039",0,1,0,0,1,0,0,1,0,1,1
"2040",0,0,0,0,0,0,0,0,0,0,0
"2041",0,0,0,0,0,0,0,0,0,1,1
"2042",1,2,0,0,2,0,2,2,0,2,2
"2043",0,0,0,0,1,0,0,1,0,1,1
"2044",0,0,0,0,1,0,0,1,0,1,1
"2045",0,1,0,0,1,0,1,1,0,1,1
"2046",0,0,0,0,0,0,0,0,0,1,1
"2047",0,3,0,2,2,0,1,2,1,3,2
"2048",0,0,0,0,1,0,0,1,0,3,3
"2049",1,0,0,0,0,0,0,0,1,1,0
"2050",0,0,0,0,0,0,0,0,0,1,1
"2051",0,0,0,0,0,0,0,0,0,0,0
"2052",0,2,0,0,2,0,2,2,0,3,3
"2053",0,0,0,0,1,0,0,1,1,2,1
"2054",0,0,0,0,0,0,0,0,0,0,0
"2055",0,2,0,0,2,0,1,2,0,4,4
"2056",1,1,0,0,1,0,0,1,1,3,2
"2057",0,0,0,0,0,0,0,0,0,0,0
"2058",0,0,0,0,1,0,0,0,0,1,1
"2059",0,0,0,0,0,0,0,0,0,1,1
"2060",0,1,0,0,1,0,0,0,0,1,1
"2061",0,2,0,0,2,1,2,1,0,2,2
"2062",0,2,0,0,2,0,0,4,0,6,6
"2063",0,0,0,1,0,0,0,1,1,3,2
"2064",0,1,0,0,1,0,1,2,0,4,4
"2065",0,0,0,0,0,0,0,0,0,0,0
"2066",0,1,0,0,1,0,1,1,1,1,0
"2067",0,2,1,0,1,0,1,1,1,2,1
"2068",0,0,0,0,0,0,0,0,0,0,0
"2069",1,2,1,0,1,1,1,1,1,1,0
"2070",0,1,0,0,2,0,1,1,0,3,3
"2071",0,1,1,1,1,2,1,1,1,1,0
"2072",0,0,0,0,0,0,0,0,0,0,0
"2073",0,2,0,1,2,1,0,1,1,6,5
"2074",0,2,0,0,3,1,2,2,0,3,3
"2075",0,0,0,0,0,0,0,0,0,0,0
"2076",0,1,0,0,1,0,1,1,0,2,2
"2077",0,0,0,0,1,0,0,0,0,1,1
"2078",0,0,0,0,0,0,0,1,0,2,2
"2079",0,2,0,0,3,1,2,1,0,4,4
"2080",0,1,0,0,1,0,0,1,0,1,1
"2081",0,0,0,0,0,0,0,0,0,0,0
"2082",0,1,0,0,0,0,0,0,0,1,1
"2083",0,0,0,0,0,0,0,0,0,1,1
"2084",0,0,0,0,0,0,0,0,0,0,0
"2085",0,2,0,0,2,0,1,1,0,2,2
"2086",1,0,1,0,0,0,0,1,1,2,1
"2087",0,0,0,0,0,0,0,1,0,3,3
"2088",0,1,0,0,1,0,0,1,0,2,2
"2089",0,0,0,0,0,0,0,0,0,0,0
"2090",0,0,0,0,2,0,1,1,0,2,2
"2091",0,1,0,0,1,1,1,1,0,1,1
"2092",0,0,0,0,0,0,0,0,0,0,0
"2093",0,0,0,0,1,0,0,1,0,2,2
"2094",0,1,0,0,0,0,0,2,0,2,2
"2095",0,1,0,0,1,0,0,0,0,2,2
"2096",0,0,0,0,0,0,0,0,1,0,-1
"2097",0,0,0,0,0,0,0,1,0,1,1
"2098",0,0,0,0,0,0,0,1,0,2,2
"2099",0,2,0,0,3,0,2,3,0,4,4
"2100",0,1,0,0,1,0,0,0,0,1,1
"2101",0,1,0,1,1,0,1,2,0,1,1
"2102",0,1,0,0,3,0,1,1,0,3,3
"2103",0,2,0,0,1,0,0,2,0,3,3
"2104",0,0,0,0,1,0,0,2,0,4,4
"2105",0,1,0,0,1,0,1,1,0,1,1
"2106",0,0,0,0,1,0,0,2,0,2,2
"2107",0,0,0,0,0,0,0,0,0,0,0
"2108",0,0,0,0,0,0,0,0,0,1,1
"2109",0,0,0,0,0,0,0,0,0,0,0
"2110",0,1,0,0,1,0,1,1,0,1,1
"2111",1,2,0,0,2,0,2,3,0,4,4
"2112",0,0,0,0,1,0,0,1,0,1,1
"2113",1,3,1,0,1,1,1,2,1,2,1
"2114",0,2,0,0,2,1,2,2,0,2,2
"2115",0,0,0,0,1,0,0,0,0,1,1
"2116",0,0,0,0,2,0,0,2,0,2,2
"2117",0,0,0,0,2,0,0,1,0,3,3
"2118",0,0,0,0,0,0,0,0,0,0,0
"2119",0,0,0,0,0,0,0,0,0,1,1
"2120",0,0,0,0,0,0,0,0,0,0,0
"2121",0,1,0,0,1,0,0,1,0,1,1
"2122",0,1,0,0,1,1,1,1,0,1,1
"2123",0,0,0,0,0,0,0,0,0,1,1
"2124",0,0,0,1,0,0,0,0,0,1,1
"2125",0,0,0,0,0,0,0,0,0,0,0
"2126",0,1,0,0,1,0,1,1,0,1,1
"2127",0,1,0,0,0,0,0,0,1,1,0
"2128",0,0,0,0,0,0,0,0,0,0,0
"2129",0,0,0,0,0,0,0,0,0,0,0
"2130",0,0,0,0,0,0,0,0,0,0,0
"2131",0,0,0,0,0,0,0,0,0,2,2
"2132",0,0,0,0,1,0,0,1,1,3,2
"2133",0,1,0,0,1,0,1,1,0,1,1
"2134",0,0,0,0,1,0,0,0,0,1,1
"2135",0,1,0,0,1,0,1,1,0,1,1
"2136",0,1,0,0,1,0,0,1,0,1,1
"2137",0,0,0,0,0,0,0,0,1,0,-1
"2138",0,0,0,0,0,0,0,0,0,0,0
"2139",0,0,0,0,1,0,0,1,0,1,1
"2140",0,0,0,0,0,0,0,0,1,1,0
"2141",0,0,0,0,0,1,0,1,1,2,1
"2142",0,1,0,0,1,0,1,2,0,3,3
"2143",0,1,0,0,1,0,0,2,0,2,2
"2144",0,0,0,0,0,0,0,0,0,0,0
"2145",0,1,0,0,1,0,1,1,0,1,1
"2146",0,0,0,0,0,0,0,0,0,0,0
"2147",0,1,0,0,1,0,1,2,0,3,3
"2148",0,1,0,0,1,0,1,1,0,1,1
"2149",1,0,1,1,1,1,0,0,1,3,2
"2150",0,2,0,0,1,0,1,1,0,2,2
"2151",1,1,1,1,3,2,1,3,2,10,8
"2152",0,0,0,0,0,1,0,0,1,0,-1
"2153",2,2,1,2,2,1,2,4,1,5,4
"2154",0,0,0,0,0,0,0,0,0,0,0
"2155",0,0,0,0,0,0,0,0,0,2,2
"2156",0,0,0,0,1,0,0,0,0,1,1
"2157",0,0,0,0,0,1,0,0,0,2,2
"2158",0,0,0,0,3,0,0,2,0,3,3
"2159",0,0,0,0,0,0,0,0,0,0,0
"2160",0,0,0,0,0,0,0,0,0,1,1
"2161",1,0,1,0,0,0,0,1,1,1,0
"2162",0,0,0,0,2,0,0,1,0,3,3
"2163",0,1,0,1,2,0,1,1,0,2,2
"2164",0,2,0,0,1,0,0,1,0,2,2
"2165",0,1,0,0,1,0,0,1,0,1,1
"2166",0,0,0,0,0,0,0,0,0,1,1
"2167",0,0,0,0,0,0,0,0,0,1,1
"2168",0,0,0,0,1,0,0,0,0,1,1
"2169",0,0,0,0,0,0,0,0,0,1,1
"2170",0,1,0,0,1,0,1,3,0,4,4
"2171",0,0,0,0,0,0,0,0,0,2,2
"2172",0,0,0,0,0,0,0,0,0,0,0
"2173",0,0,0,0,0,0,0,0,1,0,-1
"2174",0,2,0,0,1,0,0,1,0,2,2
"2175",0,0,0,0,0,0,0,0,0,0,0
"2176",0,1,0,0,1,0,0,1,0,1,1
"2177",0,0,0,0,0,0,0,1,0,0,0
"2178",0,0,0,0,0,0,0,0,0,0,0
"2179",0,1,0,0,1,0,0,1,0,2,2
"2180",0,0,0,0,0,1,0,1,1,1,0
"2181",0,0,0,0,0,0,0,0,0,1,1
"2182",0,1,0,0,1,0,1,2,0,2,2
"2183",0,0,0,0,0,0,0,0,0,0,0
"2184",0,0,0,0,0,0,0,0,0,0,0
"2185",0,1,0,0,2,0,0,2,0,2,2
"2186",1,3,1,1,2,1,1,2,1,2,1
"2187",0,0,0,0,0,0,0,0,0,0,0
"2188",0,2,0,0,1,0,1,0,1,1,0
"2189",0,3,0,0,4,0,2,3,0,5,5
"2190",0,1,0,0,1,0,1,0,0,1,1
"2191",0,0,0,0,0,0,0,0,0,1,1
"2192",0,1,0,0,1,0,0,1,0,1,1
"2193",1,0,1,1,0,0,0,0,1,0,-1
"2194",0,1,0,0,1,0,0,1,0,1,1
"2195",0,0,0,0,1,0,1,1,0,1,1
"2196",0,1,0,0,0,0,0,0,0,0,0
"2197",0,0,0,0,0,0,0,0,0,0,0
"2198",0,1,0,0,1,1,1,1,1,2,1
"2199",0,0,0,0,1,0,0,1,0,1,1
"2200",0,0,0,0,0,0,0,0,0,0,0
"2201",0,1,0,0,1,0,1,1,0,1,1
"2202",0,0,0,0,0,0,0,0,0,1,1
"2203",0,0,0,0,0,0,0,0,1,0,-1
"2204",0,0,0,0,0,0,0,0,0,0,0
"2205",0,0,0,0,0,0,0,0,0,1,1
"2206",0,0,0,0,0,0,0,0,0,0,0
"2207",0,2,0,0,1,0,1,2,0,1,1
"2208",0,1,0,0,0,0,0,0,0,2,2
"2209",0,0,0,0,0,0,0,0,0,0,0
"2210",0,0,0,0,1,0,0,1,0,1,1
"2211",0,0,0,0,0,0,0,0,0,0,0
"2212",0,0,0,0,0,0,0,1,0,1,1
"2213",0,0,0,0,0,0,0,0,0,0,0
"2214",0,1,0,0,1,0,1,1,0,2,2
"2215",0,1,0,0,1,0,1,1,0,1,1
"2216",0,0,0,0,0,0,0,0,0,1,1
"2217",0,0,0,0,0,0,0,0,0,0,0
"2218",0,0,0,0,0,0,0,0,0,0,0
"2219",0,0,0,0,0,0,0,1,0,2,2
"2220",0,0,0,0,0,0,0,0,0,0,0
"2221",0,0,0,0,0,0,0,0,0,0,0
"2222",0,0,0,0,0,0,0,0,0,1,1
"2223",0,0,0,0,0,0,0,0,0,0,0
"2224",0,0,0,0,0,0,0,0,0,0,0
"2225",0,1,0,0,1,0,0,1,0,1,1
"2226",0,0,0,0,0,0,0,0,0,1,1
"2227",0,0,0,0,1,0,0,1,0,1,1
"2228",0,0,0,0,0,0,0,0,0,0,0
"2229",1,2,1,0,1,1,1,1,1,1,0
"2230",0,0,0,0,0,0,0,0,0,0,0
"2231",0,0,0,0,0,0,0,0,0,0,0
"2232",0,0,0,0,0,0,0,0,0,1,1
"2233",0,1,0,0,1,1,1,1,0,1,1
"2234",0,0,0,0,0,0,0,0,0,0,0
"2235",0,0,0,0,0,0,0,0,0,0,0
"2236",0,0,0,0,0,0,0,0,0,0,0
"2237",0,0,0,0,0,0,0,0,0,0,0
"2238",1,1,1,0,1,0,1,1,1,1,0
"2239",0,1,0,0,1,0,1,1,0,1,1
"2240",0,1,0,0,1,0,1,1,0,2,2
"2241",0,0,0,0,0,0,0,0,0,0,0
"2242",0,0,0,0,0,0,0,0,0,0,0
"2243",0,0,0,0,1,0,0,0,0,1,1
"2244",0,1,0,0,1,0,0,1,0,1,1
"2245",0,1,0,0,1,0,1,1,0,1,1
"2246",0,1,0,0,1,2,1,1,2,3,1
"2247",3,6,3,3,5,4,3,9,8,13,5
"2248",1,3,0,1,2,1,1,2,2,4,2
"2249",0,2,0,1,3,0,1,2,1,7,6
"2250",1,4,1,0,1,0,0,2,1,1,0
"2251",0,0,1,1,0,1,0,0,1,0,-1
"2252",0,1,0,0,1,0,1,2,0,5,5
"2253",1,1,0,0,0,1,0,2,1,4,3
"2254",1,0,1,1,1,1,0,2,0,2,2
"2255",0,7,0,4,5,2,3,8,6,16,10
"2256",0,0,0,0,0,0,0,0,0,0,0
"2257",0,4,0,0,4,2,2,5,1,7,6
"2258",0,0,0,0,0,0,0,0,0,0,0
"2259",1,3,2,1,2,1,2,4,2,5,3
"2260",0,0,0,0,0,0,0,1,0,3,3
"2261",0,8,1,0,6,2,0,7,3,16,13
"2262",0,1,0,0,1,0,1,1,0,2,2
"2263",0,0,0,0,0,0,0,0,0,1,1
"2264",1,1,1,1,0,1,0,2,1,0,-1
"2265",0,4,0,0,3,0,1,3,0,5,5
"2266",0,0,0,0,2,0,1,1,0,2,2
"2267",0,2,1,3,0,1,1,0,2,1,-1
"2268",0,1,0,1,1,1,1,3,2,4,2
"2269",0,0,0,1,0,1,0,0,1,0,-1
"2270",2,0,1,1,1,1,0,3,3,6,3
"2271",0,0,0,0,0,0,0,0,0,0,0
"2272",0,2,0,0,1,0,1,1,1,1,0
"2273",0,1,0,0,3,0,2,2,0,5,5
"2274",1,1,0,1,1,1,1,2,2,2,0
"2275",0,3,0,0,3,0,2,3,0,5,5
"2276",0,0,0,0,0,0,0,0,0,0,0
"2277",0,0,0,1,0,1,0,0,1,0,-1
"2278",0,0,1,0,1,1,0,1,0,6,6
"2279",0,1,0,0,2,0,1,1,0,4,4
"2280",0,2,0,0,0,0,0,2,0,2,2
"2281",0,0,0,1,0,1,0,0,1,0,-1
"2282",0,0,0,0,0,0,0,0,0,0,0
"2283",0,1,0,0,0,0,0,0,0,0,0
"2284",0,0,0,0,0,0,0,1,0,2,2
"2285",0,1,0,0,1,0,1,2,0,2,2
"2286",0,0,0,0,0,0,0,0,0,0,0
"2287",0,0,0,0,0,0,0,1,0,1,1
"2288",0,0,0,0,0,0,0,0,0,0,0
"2289",0,1,0,0,1,0,1,1,0,1,1
"2290",0,0,0,0,0,0,0,0,0,0,0
"2291",0,0,0,0,0,0,0,0,0,1,1
"2292",0,0,0,1,0,1,0,0,1,0,-1
"2293",0,0,0,0,0,0,0,0,0,1,1
"2294",0,1,0,0,2,0,2,3,0,4,4
"2295",0,2,0,0,1,0,1,2,0,2,2
"2296",0,0,0,0,0,0,0,0,0,0,0
"2297",0,0,0,0,0,0,0,0,0,0,0
"2298",0,1,0,0,1,0,1,1,0,1,1
"2299",0,0,0,1,0,1,0,0,1,0,-1
"2300",0,0,0,0,1,0,0,0,0,1,1
"2301",0,1,0,1,0,1,0,0,1,0,-1
"2302",0,1,0,2,2,0,0,0,0,4,4
"2303",0,0,0,0,0,0,0,0,0,0,0
"2304",0,0,0,1,0,0,0,0,1,0,-1
"2305",0,1,0,0,1,0,1,1,1,1,0
"2306",0,0,0,0,0,0,0,0,0,1,1
"2307",0,0,1,1,0,1,1,0,1,0,-1
"2308",0,0,0,0,2,0,0,1,0,2,2
"2309",1,1,1,0,1,1,1,1,1,3,2
"2310",0,1,0,0,1,0,0,0,0,1,1
"2311",0,0,0,0,0,0,0,0,0,0,0
"2312",0,0,0,0,0,1,0,0,2,0,-2
"2313",0,2,0,0,1,0,0,1,0,1,1
"2314",0,1,0,0,1,0,1,1,0,1,1
"2315",0,0,0,0,0,0,0,0,0,0,0
"2316",0,1,0,0,1,0,1,1,0,1,1
"2317",0,0,0,0,1,0,0,1,0,1,1
"2318",0,1,0,0,1,0,0,1,0,2,2
"2319",0,1,0,0,1,0,1,1,0,1,1
"2320",0,0,0,0,0,0,0,0,0,0,0
"2321",0,0,0,0,0,0,0,0,0,1,1
"2322",1,0,1,0,0,1,0,0,1,0,-1
"2323",0,0,0,0,0,0,0,0,0,0,0
"2324",0,0,0,0,0,0,0,1,0,1,1
"2325",0,0,1,1,1,0,0,1,0,2,2
"2326",0,0,0,0,0,0,0,0,0,0,0
"2327",0,0,0,0,0,0,0,0,0,0,0
"2328",0,0,0,0,0,0,1,0,0,1,1
"2329",0,1,0,0,1,0,1,1,0,3,3
"2330",0,1,0,0,1,0,0,3,0,4,4
"2331",0,0,0,0,1,0,0,1,0,1,1
"2332",3,5,3,1,4,3,2,11,4,14,10
"2333",0,0,1,0,0,1,0,1,0,5,5
"2334",0,0,0,0,0,0,0,0,0,0,0
"2335",0,2,0,0,3,0,1,4,0,10,10
"2336",0,1,0,0,1,0,0,0,0,1,1
"2337",0,1,1,1,2,1,1,2,1,2,1
"2338",1,0,0,1,0,0,0,0,3,1,-2
"2339",0,1,0,1,0,0,0,0,1,0,-1
"2340",0,1,0,0,3,0,1,3,0,3,3
"2341",0,2,0,0,3,1,1,2,1,5,4
"2342",0,0,0,0,0,0,0,0,0,2,2
"2343",0,4,0,2,7,2,2,9,2,16,14
"2344",0,0,0,0,0,0,0,1,0,2,2
"2345",0,0,0,0,0,0,0,0,0,0,0
"2346",1,1,1,0,1,0,0,1,1,2,1
"2347",0,2,0,0,2,1,2,5,0,6,6
"2348",0,0,0,0,0,0,0,0,0,0,0
"2349",0,3,0,1,5,0,1,3,1,6,5
"2350",0,0,0,0,0,1,0,1,1,2,1
"2351",0,0,0,0,1,0,0,1,1,1,0
"2352",2,10,0,1,11,1,4,14,3,26,23
"2353",0,0,0,0,0,0,0,0,0,1,1
"2354",0,0,0,0,1,0,0,0,0,1,1
"2355",0,0,0,0,2,0,0,2,1,3,2
"2356",0,1,0,0,0,0,0,0,0,1,1
"2357",0,0,0,0,0,0,0,0,0,3,3
"2358",1,0,0,1,1,1,0,2,1,4,3
"2359",0,0,0,0,0,0,0,0,0,0,0
"2360",0,0,0,0,0,0,0,0,0,0,0
"2361",0,3,0,0,2,1,1,1,0,3,3
"2362",0,1,0,0,1,0,0,1,0,1,1
"2363",0,0,0,0,1,0,0,0,0,1,1
"2364",0,0,0,0,0,0,0,0,0,1,1
"2365",0,0,0,0,0,0,0,1,0,2,2
"2366",0,0,0,0,2,0,1,2,0,6,6
"2367",1,3,0,0,2,0,1,5,2,5,3
"2368",0,0,0,0,0,0,0,0,0,0,0
"2369",0,0,0,0,0,0,0,0,0,1,1
"2370",0,1,0,0,2,1,0,4,2,7,5
"2371",0,0,0,0,0,0,0,0,0,0,0
"2372",0,2,0,0,2,0,1,2,0,2,2
"2373",0,1,0,0,1,0,1,4,0,5,5
"2374",0,0,0,0,1,0,0,0,0,1,1
"2375",0,0,0,0,0,0,0,0,0,0,0
"2376",1,1,1,1,2,2,1,4,1,8,7
"2377",0,3,0,0,4,0,3,2,0,4,4
"2378",0,0,0,0,0,0,0,0,0,0,0
"2379",0,0,0,0,0,0,0,0,0,1,1
"2380",0,0,0,0,0,0,0,0,0,0,0
"2381",0,1,0,0,1,1,1,1,0,1,1
"2382",0,0,0,0,0,0,0,0,0,0,0
"2383",0,2,0,0,1,1,0,3,1,4,3
"2384",0,0,0,1,0,0,0,2,0,0,0
"2385",0,2,0,0,1,0,1,0,0,2,2
"2386",3,4,1,3,7,4,0,7,4,20,16
"2387",0,0,0,0,0,0,0,2,1,5,4
"2388",0,0,0,2,2,2,0,3,2,5,3
"2389",0,0,0,0,0,0,0,0,0,0,0
"2390",0,2,0,1,1,0,1,2,0,4,4
"2391",1,0,1,1,1,1,0,1,1,4,3
"2392",1,2,0,1,2,0,0,4,1,10,9
"2393",1,1,1,0,1,1,1,2,2,4,2
"2394",1,0,0,1,0,1,0,2,1,2,1
"2395",0,2,0,1,1,0,0,1,0,3,3
"2396",0,2,0,0,1,0,1,4,2,7,5
"2397",0,3,0,0,2,0,1,3,1,4,3
"2398",0,2,0,0,2,0,1,1,0,4,4
"2399",0,1,1,0,2,1,0,2,3,8,5
"2400",0,1,0,0,1,0,1,2,0,3,3
"2401",0,2,0,0,5,0,1,4,0,6,6
"2402",1,5,1,2,5,2,0,2,2,7,5
"2403",1,0,1,1,0,0,0,0,2,0,-2
"2404",0,1,0,0,2,0,1,4,0,5,5
"2405",0,1,0,0,2,0,2,2,0,6,6
"2406",0,2,0,0,3,0,1,3,0,7,7
"2407",0,0,0,0,1,0,0,4,0,5,5
"2408",0,0,0,0,0,0,0,0,1,0,-1
"2409",0,2,0,0,2,1,3,4,1,4,3
"2410",0,2,0,0,3,0,1,2,0,5,5
"2411",0,1,0,0,1,0,1,1,0,2,2
"2412",1,2,1,1,1,2,1,3,2,3,1
"2413",0,1,0,0,1,0,1,1,0,2,2
"2414",1,1,1,1,1,1,2,2,1,2,1
"2415",0,1,0,0,4,0,1,3,0,6,6
"2416",1,0,1,1,0,1,0,0,1,0,-1
"2417",0,1,0,0,1,0,0,2,0,5,5
"2418",0,0,0,0,0,0,0,1,0,0,0
"2419",0,0,0,0,0,0,0,0,0,1,1
"2420",0,0,0,0,1,0,0,1,0,1,1
"2421",0,1,0,0,1,0,1,1,0,3,3
"2422",1,0,1,0,0,0,0,1,1,1,0
"2423",0,0,0,0,0,0,0,0,0,1,1
"2424",0,1,1,0,1,0,0,4,2,6,4
"2425",0,0,0,0,1,0,0,1,0,2,2
"2426",0,2,0,1,2,0,1,1,0,3,3
"2427",0,0,0,0,0,0,0,3,0,5,5
"2428",0,0,0,0,0,0,0,0,0,2,2
"2429",0,0,0,0,0,0,0,2,0,4,4
"2430",0,1,0,0,1,0,1,1,1,2,1
"2431",0,0,0,0,0,0,0,0,0,1,1
"2432",1,3,0,1,0,1,1,1,1,0,-1
"2433",0,1,0,0,1,0,1,1,0,2,2
"2434",0,1,0,0,0,1,0,0,0,1,1
"2435",0,0,1,0,0,0,0,0,1,1,0
"2436",0,0,0,0,0,0,0,1,0,5,5
"2437",0,0,0,0,0,0,0,0,0,2,2
"2438",0,0,0,0,0,0,0,1,0,0,0
"2439",1,0,0,0,1,0,0,1,1,2,1
"2440",0,0,0,0,0,1,0,0,1,0,-1
"2441",0,3,0,0,2,0,1,2,0,4,4
"2442",0,2,0,0,2,0,1,2,0,2,2
"2443",0,0,0,0,0,0,0,1,0,2,2
"2444",0,0,0,0,0,0,0,0,0,0,0
"2445",0,1,0,0,0,0,0,0,0,2,2
"2446",1,0,1,1,0,1,0,1,1,2,1
"2447",0,0,0,0,0,0,0,0,0,0,0
"2448",0,1,0,0,2,0,0,1,0,4,4
"2449",0,1,0,0,1,0,0,1,0,1,1
"2450",0,1,0,0,1,0,1,1,0,3,3
"2451",0,0,0,0,0,0,0,0,0,0,0
"2452",0,1,0,0,1,0,0,1,0,2,2
"2453",0,0,1,0,0,0,0,0,1,0,-1
"2454",0,1,0,1,2,0,1,3,0,4,4
"2455",0,5,0,1,6,0,1,4,0,6,6
"2456",1,0,0,0,0,0,0,0,0,0,0
"2457",0,1,1,0,0,0,0,0,1,0,-1
"2458",0,1,0,0,1,0,0,3,0,4,4
"2459",0,1,0,1,1,0,0,0,0,1,1
"2460",0,0,0,0,1,0,1,1,0,2,2
"2461",0,2,0,0,2,0,1,2,0,2,2
"2462",0,0,0,0,0,0,0,0,0,1,1
"2463",0,1,0,0,1,1,0,1,0,2,2
"2464",0,1,0,0,2,1,3,3,1,2,1
"2465",0,0,0,0,0,0,0,0,0,1,1
"2466",0,1,0,0,1,0,0,1,0,2,2
"2467",0,0,0,0,0,1,0,0,2,1,-1
"2468",0,1,0,0,1,0,2,1,0,4,4
"2469",0,1,0,0,0,0,0,1,0,2,2
"2470",0,1,0,0,2,0,1,2,0,3,3
"2471",0,1,0,0,1,0,1,1,0,1,1
"2472",0,0,0,0,0,0,0,0,0,1,1
"2473",0,0,0,0,0,0,0,0,0,0,0
"2474",0,0,0,0,0,0,0,0,0,1,1
"2475",1,2,1,1,2,0,1,2,0,3,3
"2476",1,1,0,0,1,0,1,1,1,2,1
"2477",1,1,1,0,1,0,1,1,2,1,-1
"2478",0,2,0,0,2,0,2,1,0,3,3
"2479",0,1,0,0,3,0,1,3,0,5,5
"2480",0,2,0,0,2,0,1,2,0,2,2
"2481",2,3,0,2,2,1,0,2,2,2,0
"2482",0,5,0,0,4,1,2,4,2,5,3
"2483",0,1,0,0,0,0,1,4,0,5,5
"2484",0,1,0,0,1,1,0,0,0,2,2
"2485",0,0,0,0,1,0,0,1,0,3,3
"2486",0,1,0,0,2,0,1,2,0,2,2
"2487",0,0,0,0,0,0,0,0,0,0,0
"2488",0,0,0,0,1,0,0,0,0,1,1
"2489",0,6,0,0,5,0,2,5,1,7,6
"2490",0,1,0,0,1,1,1,1,1,1,0
"2491",0,1,0,0,1,0,1,1,0,1,1
"2492",1,1,1,0,0,0,0,0,1,0,-1
"2493",0,0,0,0,0,0,0,0,0,0,0
"2494",0,0,0,0,0,0,0,0,0,1,1
"2495",0,0,0,0,0,1,0,1,0,1,1
